The system is: Linux - 6.6.87.2-microsoft-standard-WSL2 - x86_64
Compiling the C compiler identification source file "CMakeCCompilerId.c" succeeded.
Compiler: /usr/bin/cc 
Build flags: 
Id flags:  

The output was:
0


Compilation of the C compiler identification source "CMakeCCompilerId.c" produced "a.out"

The C compiler identification is GNU, found in "/home/yuhangdai/OpenModelica/OMEdit/CMakeFiles/3.22.1/CompilerIdC/a.out"

Compiling the CXX compiler identification source file "CMakeCXXCompilerId.cpp" succeeded.
Compiler: /usr/bin/c++ 
Build flags: 
Id flags:  

The output was:
0


Compilation of the CXX compiler identification source "CMakeCXXCompilerId.cpp" produced "a.out"

The CXX compiler identification is GNU, found in "/home/yuhangdai/OpenModelica/OMEdit/CMakeFiles/3.22.1/CompilerIdCXX/a.out"

Detecting C compiler ABI info compiled with the following output:
Change Dir: /home/yuhangdai/OpenModelica/OMEdit/CMakeFiles/CMakeTmp

Run Build Command(s):/usr/bin/gmake -f Makefile cmTC_a59c3/fast && /usr/bin/gmake  -f CMakeFiles/cmTC_a59c3.dir/build.make CMakeFiles/cmTC_a59c3.dir/build
gmake[1]: Entering directory '/home/yuhangdai/OpenModelica/OMEdit/CMakeFiles/CMakeTmp'
Building C object CMakeFiles/cmTC_a59c3.dir/CMakeCCompilerABI.c.o
/usr/bin/cc   -v -o CMakeFiles/cmTC_a59c3.dir/CMakeCCompilerABI.c.o -c /usr/share/cmake-3.22/Modules/CMakeCCompilerABI.c
Using built-in specs.
COLLECT_GCC=/usr/bin/cc
OFFLOAD_TARGET_NAMES=nvptx-none:amdgcn-amdhsa
OFFLOAD_TARGET_DEFAULT=1
Target: x86_64-linux-gnu
Configured with: ../src/configure -v --with-pkgversion='Ubuntu 11.4.0-1ubuntu1~22.04.2' --with-bugurl=file:///usr/share/doc/gcc-11/README.Bugs --enable-languages=c,ada,c++,go,brig,d,fortran,objc,obj-c++,m2 --prefix=/usr --with-gcc-major-version-only --program-suffix=-11 --program-prefix=x86_64-linux-gnu- --enable-shared --enable-linker-build-id --libexecdir=/usr/lib --without-included-gettext --enable-threads=posix --libdir=/usr/lib --enable-nls --enable-bootstrap --enable-clocale=gnu --enable-libstdcxx-debug --enable-libstdcxx-time=yes --with-default-libstdcxx-abi=new --enable-gnu-unique-object --disable-vtable-verify --enable-plugin --enable-default-pie --with-system-zlib --enable-libphobos-checking=release --with-target-system-zlib=auto --enable-objc-gc=auto --enable-multiarch --disable-werror --enable-cet --with-arch-32=i686 --with-abi=m64 --with-multilib-list=m32,m64,mx32 --enable-multilib --with-tune=generic --enable-offload-targets=nvptx-none=/build/gcc-11-2Y5pKs/gcc-11-11.4.0/debian/tmp-nvptx/usr,amdgcn-amdhsa=/build/gcc-11-2Y5pKs/gcc-11-11.4.0/debian/tmp-gcn/usr --without-cuda-driver --enable-checking=release --build=x86_64-linux-gnu --host=x86_64-linux-gnu --target=x86_64-linux-gnu --with-build-config=bootstrap-lto-lean --enable-link-serialization=2
Thread model: posix
Supported LTO compression algorithms: zlib zstd
gcc version 11.4.0 (Ubuntu 11.4.0-1ubuntu1~22.04.2) 
COLLECT_GCC_OPTIONS='-v' '-o' 'CMakeFiles/cmTC_a59c3.dir/CMakeCCompilerABI.c.o' '-c' '-mtune=generic' '-march=x86-64' '-dumpdir' 'CMakeFiles/cmTC_a59c3.dir/'
 /usr/lib/gcc/x86_64-linux-gnu/11/cc1 -quiet -v -imultiarch x86_64-linux-gnu /usr/share/cmake-3.22/Modules/CMakeCCompilerABI.c -quiet -dumpdir CMakeFiles/cmTC_a59c3.dir/ -dumpbase CMakeCCompilerABI.c.c -dumpbase-ext .c -mtune=generic -march=x86-64 -version -fasynchronous-unwind-tables -fstack-protector-strong -Wformat -Wformat-security -fstack-clash-protection -fcf-protection -o /tmp/cc3Z2ByG.s
GNU C17 (Ubuntu 11.4.0-1ubuntu1~22.04.2) version 11.4.0 (x86_64-linux-gnu)
	compiled by GNU C version 11.4.0, GMP version 6.2.1, MPFR version 4.1.0, MPC version 1.2.1, isl version isl-0.24-GMP

GGC heuristics: --param ggc-min-expand=100 --param ggc-min-heapsize=131072
ignoring nonexistent directory "/usr/local/include/x86_64-linux-gnu"
ignoring nonexistent directory "/usr/lib/gcc/x86_64-linux-gnu/11/include-fixed"
ignoring nonexistent directory "/usr/lib/gcc/x86_64-linux-gnu/11/../../../../x86_64-linux-gnu/include"
#include "..." search starts here:
#include <...> search starts here:
 /usr/lib/gcc/x86_64-linux-gnu/11/include
 /usr/local/include
 /usr/include/x86_64-linux-gnu
 /usr/include
End of search list.
GNU C17 (Ubuntu 11.4.0-1ubuntu1~22.04.2) version 11.4.0 (x86_64-linux-gnu)
	compiled by GNU C version 11.4.0, GMP version 6.2.1, MPFR version 4.1.0, MPC version 1.2.1, isl version isl-0.24-GMP

GGC heuristics: --param ggc-min-expand=100 --param ggc-min-heapsize=131072
Compiler executable checksum: 4011c2103cba78949d7e02d0f0047a3d
COLLECT_GCC_OPTIONS='-v' '-o' 'CMakeFiles/cmTC_a59c3.dir/CMakeCCompilerABI.c.o' '-c' '-mtune=generic' '-march=x86-64' '-dumpdir' 'CMakeFiles/cmTC_a59c3.dir/'
 as -v --64 -o CMakeFiles/cmTC_a59c3.dir/CMakeCCompilerABI.c.o /tmp/cc3Z2ByG.s
GNU assembler version 2.38 (x86_64-linux-gnu) using BFD version (GNU Binutils for Ubuntu) 2.38
COMPILER_PATH=/usr/lib/gcc/x86_64-linux-gnu/11/:/usr/lib/gcc/x86_64-linux-gnu/11/:/usr/lib/gcc/x86_64-linux-gnu/:/usr/lib/gcc/x86_64-linux-gnu/11/:/usr/lib/gcc/x86_64-linux-gnu/
LIBRARY_PATH=/usr/lib/gcc/x86_64-linux-gnu/11/:/usr/lib/gcc/x86_64-linux-gnu/11/../../../x86_64-linux-gnu/:/usr/lib/gcc/x86_64-linux-gnu/11/../../../../lib/:/lib/x86_64-linux-gnu/:/lib/../lib/:/usr/lib/x86_64-linux-gnu/:/usr/lib/../lib/:/usr/lib/gcc/x86_64-linux-gnu/11/../../../:/lib/:/usr/lib/
COLLECT_GCC_OPTIONS='-v' '-o' 'CMakeFiles/cmTC_a59c3.dir/CMakeCCompilerABI.c.o' '-c' '-mtune=generic' '-march=x86-64' '-dumpdir' 'CMakeFiles/cmTC_a59c3.dir/CMakeCCompilerABI.c.'
Linking C executable cmTC_a59c3
/usr/bin/cmake -E cmake_link_script CMakeFiles/cmTC_a59c3.dir/link.txt --verbose=1
/usr/bin/cc  -v CMakeFiles/cmTC_a59c3.dir/CMakeCCompilerABI.c.o -o cmTC_a59c3 
Using built-in specs.
COLLECT_GCC=/usr/bin/cc
COLLECT_LTO_WRAPPER=/usr/lib/gcc/x86_64-linux-gnu/11/lto-wrapper
OFFLOAD_TARGET_NAMES=nvptx-none:amdgcn-amdhsa
OFFLOAD_TARGET_DEFAULT=1
Target: x86_64-linux-gnu
Configured with: ../src/configure -v --with-pkgversion='Ubuntu 11.4.0-1ubuntu1~22.04.2' --with-bugurl=file:///usr/share/doc/gcc-11/README.Bugs --enable-languages=c,ada,c++,go,brig,d,fortran,objc,obj-c++,m2 --prefix=/usr --with-gcc-major-version-only --program-suffix=-11 --program-prefix=x86_64-linux-gnu- --enable-shared --enable-linker-build-id --libexecdir=/usr/lib --without-included-gettext --enable-threads=posix --libdir=/usr/lib --enable-nls --enable-bootstrap --enable-clocale=gnu --enable-libstdcxx-debug --enable-libstdcxx-time=yes --with-default-libstdcxx-abi=new --enable-gnu-unique-object --disable-vtable-verify --enable-plugin --enable-default-pie --with-system-zlib --enable-libphobos-checking=release --with-target-system-zlib=auto --enable-objc-gc=auto --enable-multiarch --disable-werror --enable-cet --with-arch-32=i686 --with-abi=m64 --with-multilib-list=m32,m64,mx32 --enable-multilib --with-tune=generic --enable-offload-targets=nvptx-none=/build/gcc-11-2Y5pKs/gcc-11-11.4.0/debian/tmp-nvptx/usr,amdgcn-amdhsa=/build/gcc-11-2Y5pKs/gcc-11-11.4.0/debian/tmp-gcn/usr --without-cuda-driver --enable-checking=release --build=x86_64-linux-gnu --host=x86_64-linux-gnu --target=x86_64-linux-gnu --with-build-config=bootstrap-lto-lean --enable-link-serialization=2
Thread model: posix
Supported LTO compression algorithms: zlib zstd
gcc version 11.4.0 (Ubuntu 11.4.0-1ubuntu1~22.04.2) 
COMPILER_PATH=/usr/lib/gcc/x86_64-linux-gnu/11/:/usr/lib/gcc/x86_64-linux-gnu/11/:/usr/lib/gcc/x86_64-linux-gnu/:/usr/lib/gcc/x86_64-linux-gnu/11/:/usr/lib/gcc/x86_64-linux-gnu/
LIBRARY_PATH=/usr/lib/gcc/x86_64-linux-gnu/11/:/usr/lib/gcc/x86_64-linux-gnu/11/../../../x86_64-linux-gnu/:/usr/lib/gcc/x86_64-linux-gnu/11/../../../../lib/:/lib/x86_64-linux-gnu/:/lib/../lib/:/usr/lib/x86_64-linux-gnu/:/usr/lib/../lib/:/usr/lib/gcc/x86_64-linux-gnu/11/../../../:/lib/:/usr/lib/
COLLECT_GCC_OPTIONS='-v' '-o' 'cmTC_a59c3' '-mtune=generic' '-march=x86-64' '-dumpdir' 'cmTC_a59c3.'
 /usr/lib/gcc/x86_64-linux-gnu/11/collect2 -plugin /usr/lib/gcc/x86_64-linux-gnu/11/liblto_plugin.so -plugin-opt=/usr/lib/gcc/x86_64-linux-gnu/11/lto-wrapper -plugin-opt=-fresolution=/tmp/ccaFLr67.res -plugin-opt=-pass-through=-lgcc -plugin-opt=-pass-through=-lgcc_s -plugin-opt=-pass-through=-lc -plugin-opt=-pass-through=-lgcc -plugin-opt=-pass-through=-lgcc_s --build-id --eh-frame-hdr -m elf_x86_64 --hash-style=gnu --as-needed -dynamic-linker /lib64/ld-linux-x86-64.so.2 -pie -z now -z relro -o cmTC_a59c3 /usr/lib/gcc/x86_64-linux-gnu/11/../../../x86_64-linux-gnu/Scrt1.o /usr/lib/gcc/x86_64-linux-gnu/11/../../../x86_64-linux-gnu/crti.o /usr/lib/gcc/x86_64-linux-gnu/11/crtbeginS.o -L/usr/lib/gcc/x86_64-linux-gnu/11 -L/usr/lib/gcc/x86_64-linux-gnu/11/../../../x86_64-linux-gnu -L/usr/lib/gcc/x86_64-linux-gnu/11/../../../../lib -L/lib/x86_64-linux-gnu -L/lib/../lib -L/usr/lib/x86_64-linux-gnu -L/usr/lib/../lib -L/usr/lib/gcc/x86_64-linux-gnu/11/../../.. CMakeFiles/cmTC_a59c3.dir/CMakeCCompilerABI.c.o -lgcc --push-state --as-needed -lgcc_s --pop-state -lc -lgcc --push-state --as-needed -lgcc_s --pop-state /usr/lib/gcc/x86_64-linux-gnu/11/crtendS.o /usr/lib/gcc/x86_64-linux-gnu/11/../../../x86_64-linux-gnu/crtn.o
COLLECT_GCC_OPTIONS='-v' '-o' 'cmTC_a59c3' '-mtune=generic' '-march=x86-64' '-dumpdir' 'cmTC_a59c3.'
gmake[1]: Leaving directory '/home/yuhangdai/OpenModelica/OMEdit/CMakeFiles/CMakeTmp'



Parsed C implicit include dir info from above output: rv=done
  found start of include info
  found start of implicit include info
    add: [/usr/lib/gcc/x86_64-linux-gnu/11/include]
    add: [/usr/local/include]
    add: [/usr/include/x86_64-linux-gnu]
    add: [/usr/include]
  end of search list found
  collapse include dir [/usr/lib/gcc/x86_64-linux-gnu/11/include] ==> [/usr/lib/gcc/x86_64-linux-gnu/11/include]
  collapse include dir [/usr/local/include] ==> [/usr/local/include]
  collapse include dir [/usr/include/x86_64-linux-gnu] ==> [/usr/include/x86_64-linux-gnu]
  collapse include dir [/usr/include] ==> [/usr/include]
  implicit include dirs: [/usr/lib/gcc/x86_64-linux-gnu/11/include;/usr/local/include;/usr/include/x86_64-linux-gnu;/usr/include]


Parsed C implicit link information from above output:
  link line regex: [^( *|.*[/\])(ld|CMAKE_LINK_STARTFILE-NOTFOUND|([^/\]+-)?ld|collect2)[^/\]*( |$)]
  ignore line: [Change Dir: /home/yuhangdai/OpenModelica/OMEdit/CMakeFiles/CMakeTmp]
  ignore line: []
  ignore line: [Run Build Command(s):/usr/bin/gmake -f Makefile cmTC_a59c3/fast && /usr/bin/gmake  -f CMakeFiles/cmTC_a59c3.dir/build.make CMakeFiles/cmTC_a59c3.dir/build]
  ignore line: [gmake[1]: Entering directory '/home/yuhangdai/OpenModelica/OMEdit/CMakeFiles/CMakeTmp']
  ignore line: [Building C object CMakeFiles/cmTC_a59c3.dir/CMakeCCompilerABI.c.o]
  ignore line: [/usr/bin/cc   -v -o CMakeFiles/cmTC_a59c3.dir/CMakeCCompilerABI.c.o -c /usr/share/cmake-3.22/Modules/CMakeCCompilerABI.c]
  ignore line: [Using built-in specs.]
  ignore line: [COLLECT_GCC=/usr/bin/cc]
  ignore line: [OFFLOAD_TARGET_NAMES=nvptx-none:amdgcn-amdhsa]
  ignore line: [OFFLOAD_TARGET_DEFAULT=1]
  ignore line: [Target: x86_64-linux-gnu]
  ignore line: [Configured with: ../src/configure -v --with-pkgversion='Ubuntu 11.4.0-1ubuntu1~22.04.2' --with-bugurl=file:///usr/share/doc/gcc-11/README.Bugs --enable-languages=c ada c++ go brig d fortran objc obj-c++ m2 --prefix=/usr --with-gcc-major-version-only --program-suffix=-11 --program-prefix=x86_64-linux-gnu- --enable-shared --enable-linker-build-id --libexecdir=/usr/lib --without-included-gettext --enable-threads=posix --libdir=/usr/lib --enable-nls --enable-bootstrap --enable-clocale=gnu --enable-libstdcxx-debug --enable-libstdcxx-time=yes --with-default-libstdcxx-abi=new --enable-gnu-unique-object --disable-vtable-verify --enable-plugin --enable-default-pie --with-system-zlib --enable-libphobos-checking=release --with-target-system-zlib=auto --enable-objc-gc=auto --enable-multiarch --disable-werror --enable-cet --with-arch-32=i686 --with-abi=m64 --with-multilib-list=m32 m64 mx32 --enable-multilib --with-tune=generic --enable-offload-targets=nvptx-none=/build/gcc-11-2Y5pKs/gcc-11-11.4.0/debian/tmp-nvptx/usr amdgcn-amdhsa=/build/gcc-11-2Y5pKs/gcc-11-11.4.0/debian/tmp-gcn/usr --without-cuda-driver --enable-checking=release --build=x86_64-linux-gnu --host=x86_64-linux-gnu --target=x86_64-linux-gnu --with-build-config=bootstrap-lto-lean --enable-link-serialization=2]
  ignore line: [Thread model: posix]
  ignore line: [Supported LTO compression algorithms: zlib zstd]
  ignore line: [gcc version 11.4.0 (Ubuntu 11.4.0-1ubuntu1~22.04.2) ]
  ignore line: [COLLECT_GCC_OPTIONS='-v' '-o' 'CMakeFiles/cmTC_a59c3.dir/CMakeCCompilerABI.c.o' '-c' '-mtune=generic' '-march=x86-64' '-dumpdir' 'CMakeFiles/cmTC_a59c3.dir/']
  ignore line: [ /usr/lib/gcc/x86_64-linux-gnu/11/cc1 -quiet -v -imultiarch x86_64-linux-gnu /usr/share/cmake-3.22/Modules/CMakeCCompilerABI.c -quiet -dumpdir CMakeFiles/cmTC_a59c3.dir/ -dumpbase CMakeCCompilerABI.c.c -dumpbase-ext .c -mtune=generic -march=x86-64 -version -fasynchronous-unwind-tables -fstack-protector-strong -Wformat -Wformat-security -fstack-clash-protection -fcf-protection -o /tmp/cc3Z2ByG.s]
  ignore line: [GNU C17 (Ubuntu 11.4.0-1ubuntu1~22.04.2) version 11.4.0 (x86_64-linux-gnu)]
  ignore line: [	compiled by GNU C version 11.4.0  GMP version 6.2.1  MPFR version 4.1.0  MPC version 1.2.1  isl version isl-0.24-GMP]
  ignore line: []
  ignore line: [GGC heuristics: --param ggc-min-expand=100 --param ggc-min-heapsize=131072]
  ignore line: [ignoring nonexistent directory "/usr/local/include/x86_64-linux-gnu"]
  ignore line: [ignoring nonexistent directory "/usr/lib/gcc/x86_64-linux-gnu/11/include-fixed"]
  ignore line: [ignoring nonexistent directory "/usr/lib/gcc/x86_64-linux-gnu/11/../../../../x86_64-linux-gnu/include"]
  ignore line: [#include "..." search starts here:]
  ignore line: [#include <...> search starts here:]
  ignore line: [ /usr/lib/gcc/x86_64-linux-gnu/11/include]
  ignore line: [ /usr/local/include]
  ignore line: [ /usr/include/x86_64-linux-gnu]
  ignore line: [ /usr/include]
  ignore line: [End of search list.]
  ignore line: [GNU C17 (Ubuntu 11.4.0-1ubuntu1~22.04.2) version 11.4.0 (x86_64-linux-gnu)]
  ignore line: [	compiled by GNU C version 11.4.0  GMP version 6.2.1  MPFR version 4.1.0  MPC version 1.2.1  isl version isl-0.24-GMP]
  ignore line: []
  ignore line: [GGC heuristics: --param ggc-min-expand=100 --param ggc-min-heapsize=131072]
  ignore line: [Compiler executable checksum: 4011c2103cba78949d7e02d0f0047a3d]
  ignore line: [COLLECT_GCC_OPTIONS='-v' '-o' 'CMakeFiles/cmTC_a59c3.dir/CMakeCCompilerABI.c.o' '-c' '-mtune=generic' '-march=x86-64' '-dumpdir' 'CMakeFiles/cmTC_a59c3.dir/']
  ignore line: [ as -v --64 -o CMakeFiles/cmTC_a59c3.dir/CMakeCCompilerABI.c.o /tmp/cc3Z2ByG.s]
  ignore line: [GNU assembler version 2.38 (x86_64-linux-gnu) using BFD version (GNU Binutils for Ubuntu) 2.38]
  ignore line: [COMPILER_PATH=/usr/lib/gcc/x86_64-linux-gnu/11/:/usr/lib/gcc/x86_64-linux-gnu/11/:/usr/lib/gcc/x86_64-linux-gnu/:/usr/lib/gcc/x86_64-linux-gnu/11/:/usr/lib/gcc/x86_64-linux-gnu/]
  ignore line: [LIBRARY_PATH=/usr/lib/gcc/x86_64-linux-gnu/11/:/usr/lib/gcc/x86_64-linux-gnu/11/../../../x86_64-linux-gnu/:/usr/lib/gcc/x86_64-linux-gnu/11/../../../../lib/:/lib/x86_64-linux-gnu/:/lib/../lib/:/usr/lib/x86_64-linux-gnu/:/usr/lib/../lib/:/usr/lib/gcc/x86_64-linux-gnu/11/../../../:/lib/:/usr/lib/]
  ignore line: [COLLECT_GCC_OPTIONS='-v' '-o' 'CMakeFiles/cmTC_a59c3.dir/CMakeCCompilerABI.c.o' '-c' '-mtune=generic' '-march=x86-64' '-dumpdir' 'CMakeFiles/cmTC_a59c3.dir/CMakeCCompilerABI.c.']
  ignore line: [Linking C executable cmTC_a59c3]
  ignore line: [/usr/bin/cmake -E cmake_link_script CMakeFiles/cmTC_a59c3.dir/link.txt --verbose=1]
  ignore line: [/usr/bin/cc  -v CMakeFiles/cmTC_a59c3.dir/CMakeCCompilerABI.c.o -o cmTC_a59c3 ]
  ignore line: [Using built-in specs.]
  ignore line: [COLLECT_GCC=/usr/bin/cc]
  ignore line: [COLLECT_LTO_WRAPPER=/usr/lib/gcc/x86_64-linux-gnu/11/lto-wrapper]
  ignore line: [OFFLOAD_TARGET_NAMES=nvptx-none:amdgcn-amdhsa]
  ignore line: [OFFLOAD_TARGET_DEFAULT=1]
  ignore line: [Target: x86_64-linux-gnu]
  ignore line: [Configured with: ../src/configure -v --with-pkgversion='Ubuntu 11.4.0-1ubuntu1~22.04.2' --with-bugurl=file:///usr/share/doc/gcc-11/README.Bugs --enable-languages=c ada c++ go brig d fortran objc obj-c++ m2 --prefix=/usr --with-gcc-major-version-only --program-suffix=-11 --program-prefix=x86_64-linux-gnu- --enable-shared --enable-linker-build-id --libexecdir=/usr/lib --without-included-gettext --enable-threads=posix --libdir=/usr/lib --enable-nls --enable-bootstrap --enable-clocale=gnu --enable-libstdcxx-debug --enable-libstdcxx-time=yes --with-default-libstdcxx-abi=new --enable-gnu-unique-object --disable-vtable-verify --enable-plugin --enable-default-pie --with-system-zlib --enable-libphobos-checking=release --with-target-system-zlib=auto --enable-objc-gc=auto --enable-multiarch --disable-werror --enable-cet --with-arch-32=i686 --with-abi=m64 --with-multilib-list=m32 m64 mx32 --enable-multilib --with-tune=generic --enable-offload-targets=nvptx-none=/build/gcc-11-2Y5pKs/gcc-11-11.4.0/debian/tmp-nvptx/usr amdgcn-amdhsa=/build/gcc-11-2Y5pKs/gcc-11-11.4.0/debian/tmp-gcn/usr --without-cuda-driver --enable-checking=release --build=x86_64-linux-gnu --host=x86_64-linux-gnu --target=x86_64-linux-gnu --with-build-config=bootstrap-lto-lean --enable-link-serialization=2]
  ignore line: [Thread model: posix]
  ignore line: [Supported LTO compression algorithms: zlib zstd]
  ignore line: [gcc version 11.4.0 (Ubuntu 11.4.0-1ubuntu1~22.04.2) ]
  ignore line: [COMPILER_PATH=/usr/lib/gcc/x86_64-linux-gnu/11/:/usr/lib/gcc/x86_64-linux-gnu/11/:/usr/lib/gcc/x86_64-linux-gnu/:/usr/lib/gcc/x86_64-linux-gnu/11/:/usr/lib/gcc/x86_64-linux-gnu/]
  ignore line: [LIBRARY_PATH=/usr/lib/gcc/x86_64-linux-gnu/11/:/usr/lib/gcc/x86_64-linux-gnu/11/../../../x86_64-linux-gnu/:/usr/lib/gcc/x86_64-linux-gnu/11/../../../../lib/:/lib/x86_64-linux-gnu/:/lib/../lib/:/usr/lib/x86_64-linux-gnu/:/usr/lib/../lib/:/usr/lib/gcc/x86_64-linux-gnu/11/../../../:/lib/:/usr/lib/]
  ignore line: [COLLECT_GCC_OPTIONS='-v' '-o' 'cmTC_a59c3' '-mtune=generic' '-march=x86-64' '-dumpdir' 'cmTC_a59c3.']
  link line: [ /usr/lib/gcc/x86_64-linux-gnu/11/collect2 -plugin /usr/lib/gcc/x86_64-linux-gnu/11/liblto_plugin.so -plugin-opt=/usr/lib/gcc/x86_64-linux-gnu/11/lto-wrapper -plugin-opt=-fresolution=/tmp/ccaFLr67.res -plugin-opt=-pass-through=-lgcc -plugin-opt=-pass-through=-lgcc_s -plugin-opt=-pass-through=-lc -plugin-opt=-pass-through=-lgcc -plugin-opt=-pass-through=-lgcc_s --build-id --eh-frame-hdr -m elf_x86_64 --hash-style=gnu --as-needed -dynamic-linker /lib64/ld-linux-x86-64.so.2 -pie -z now -z relro -o cmTC_a59c3 /usr/lib/gcc/x86_64-linux-gnu/11/../../../x86_64-linux-gnu/Scrt1.o /usr/lib/gcc/x86_64-linux-gnu/11/../../../x86_64-linux-gnu/crti.o /usr/lib/gcc/x86_64-linux-gnu/11/crtbeginS.o -L/usr/lib/gcc/x86_64-linux-gnu/11 -L/usr/lib/gcc/x86_64-linux-gnu/11/../../../x86_64-linux-gnu -L/usr/lib/gcc/x86_64-linux-gnu/11/../../../../lib -L/lib/x86_64-linux-gnu -L/lib/../lib -L/usr/lib/x86_64-linux-gnu -L/usr/lib/../lib -L/usr/lib/gcc/x86_64-linux-gnu/11/../../.. CMakeFiles/cmTC_a59c3.dir/CMakeCCompilerABI.c.o -lgcc --push-state --as-needed -lgcc_s --pop-state -lc -lgcc --push-state --as-needed -lgcc_s --pop-state /usr/lib/gcc/x86_64-linux-gnu/11/crtendS.o /usr/lib/gcc/x86_64-linux-gnu/11/../../../x86_64-linux-gnu/crtn.o]
    arg [/usr/lib/gcc/x86_64-linux-gnu/11/collect2] ==> ignore
    arg [-plugin] ==> ignore
    arg [/usr/lib/gcc/x86_64-linux-gnu/11/liblto_plugin.so] ==> ignore
    arg [-plugin-opt=/usr/lib/gcc/x86_64-linux-gnu/11/lto-wrapper] ==> ignore
    arg [-plugin-opt=-fresolution=/tmp/ccaFLr67.res] ==> ignore
    arg [-plugin-opt=-pass-through=-lgcc] ==> ignore
    arg [-plugin-opt=-pass-through=-lgcc_s] ==> ignore
    arg [-plugin-opt=-pass-through=-lc] ==> ignore
    arg [-plugin-opt=-pass-through=-lgcc] ==> ignore
    arg [-plugin-opt=-pass-through=-lgcc_s] ==> ignore
    arg [--build-id] ==> ignore
    arg [--eh-frame-hdr] ==> ignore
    arg [-m] ==> ignore
    arg [elf_x86_64] ==> ignore
    arg [--hash-style=gnu] ==> ignore
    arg [--as-needed] ==> ignore
    arg [-dynamic-linker] ==> ignore
    arg [/lib64/ld-linux-x86-64.so.2] ==> ignore
    arg [-pie] ==> ignore
    arg [-znow] ==> ignore
    arg [-zrelro] ==> ignore
    arg [-o] ==> ignore
    arg [cmTC_a59c3] ==> ignore
    arg [/usr/lib/gcc/x86_64-linux-gnu/11/../../../x86_64-linux-gnu/Scrt1.o] ==> obj [/usr/lib/gcc/x86_64-linux-gnu/11/../../../x86_64-linux-gnu/Scrt1.o]
    arg [/usr/lib/gcc/x86_64-linux-gnu/11/../../../x86_64-linux-gnu/crti.o] ==> obj [/usr/lib/gcc/x86_64-linux-gnu/11/../../../x86_64-linux-gnu/crti.o]
    arg [/usr/lib/gcc/x86_64-linux-gnu/11/crtbeginS.o] ==> obj [/usr/lib/gcc/x86_64-linux-gnu/11/crtbeginS.o]
    arg [-L/usr/lib/gcc/x86_64-linux-gnu/11] ==> dir [/usr/lib/gcc/x86_64-linux-gnu/11]
    arg [-L/usr/lib/gcc/x86_64-linux-gnu/11/../../../x86_64-linux-gnu] ==> dir [/usr/lib/gcc/x86_64-linux-gnu/11/../../../x86_64-linux-gnu]
    arg [-L/usr/lib/gcc/x86_64-linux-gnu/11/../../../../lib] ==> dir [/usr/lib/gcc/x86_64-linux-gnu/11/../../../../lib]
    arg [-L/lib/x86_64-linux-gnu] ==> dir [/lib/x86_64-linux-gnu]
    arg [-L/lib/../lib] ==> dir [/lib/../lib]
    arg [-L/usr/lib/x86_64-linux-gnu] ==> dir [/usr/lib/x86_64-linux-gnu]
    arg [-L/usr/lib/../lib] ==> dir [/usr/lib/../lib]
    arg [-L/usr/lib/gcc/x86_64-linux-gnu/11/../../..] ==> dir [/usr/lib/gcc/x86_64-linux-gnu/11/../../..]
    arg [CMakeFiles/cmTC_a59c3.dir/CMakeCCompilerABI.c.o] ==> ignore
    arg [-lgcc] ==> lib [gcc]
    arg [--push-state] ==> ignore
    arg [--as-needed] ==> ignore
    arg [-lgcc_s] ==> lib [gcc_s]
    arg [--pop-state] ==> ignore
    arg [-lc] ==> lib [c]
    arg [-lgcc] ==> lib [gcc]
    arg [--push-state] ==> ignore
    arg [--as-needed] ==> ignore
    arg [-lgcc_s] ==> lib [gcc_s]
    arg [--pop-state] ==> ignore
    arg [/usr/lib/gcc/x86_64-linux-gnu/11/crtendS.o] ==> obj [/usr/lib/gcc/x86_64-linux-gnu/11/crtendS.o]
    arg [/usr/lib/gcc/x86_64-linux-gnu/11/../../../x86_64-linux-gnu/crtn.o] ==> obj [/usr/lib/gcc/x86_64-linux-gnu/11/../../../x86_64-linux-gnu/crtn.o]
  collapse obj [/usr/lib/gcc/x86_64-linux-gnu/11/../../../x86_64-linux-gnu/Scrt1.o] ==> [/usr/lib/x86_64-linux-gnu/Scrt1.o]
  collapse obj [/usr/lib/gcc/x86_64-linux-gnu/11/../../../x86_64-linux-gnu/crti.o] ==> [/usr/lib/x86_64-linux-gnu/crti.o]
  collapse obj [/usr/lib/gcc/x86_64-linux-gnu/11/../../../x86_64-linux-gnu/crtn.o] ==> [/usr/lib/x86_64-linux-gnu/crtn.o]
  collapse library dir [/usr/lib/gcc/x86_64-linux-gnu/11] ==> [/usr/lib/gcc/x86_64-linux-gnu/11]
  collapse library dir [/usr/lib/gcc/x86_64-linux-gnu/11/../../../x86_64-linux-gnu] ==> [/usr/lib/x86_64-linux-gnu]
  collapse library dir [/usr/lib/gcc/x86_64-linux-gnu/11/../../../../lib] ==> [/usr/lib]
  collapse library dir [/lib/x86_64-linux-gnu] ==> [/lib/x86_64-linux-gnu]
  collapse library dir [/lib/../lib] ==> [/lib]
  collapse library dir [/usr/lib/x86_64-linux-gnu] ==> [/usr/lib/x86_64-linux-gnu]
  collapse library dir [/usr/lib/../lib] ==> [/usr/lib]
  collapse library dir [/usr/lib/gcc/x86_64-linux-gnu/11/../../..] ==> [/usr/lib]
  implicit libs: [gcc;gcc_s;c;gcc;gcc_s]
  implicit objs: [/usr/lib/x86_64-linux-gnu/Scrt1.o;/usr/lib/x86_64-linux-gnu/crti.o;/usr/lib/gcc/x86_64-linux-gnu/11/crtbeginS.o;/usr/lib/gcc/x86_64-linux-gnu/11/crtendS.o;/usr/lib/x86_64-linux-gnu/crtn.o]
  implicit dirs: [/usr/lib/gcc/x86_64-linux-gnu/11;/usr/lib/x86_64-linux-gnu;/usr/lib;/lib/x86_64-linux-gnu;/lib]
  implicit fwks: []


Detecting CXX compiler ABI info compiled with the following output:
Change Dir: /home/yuhangdai/OpenModelica/OMEdit/CMakeFiles/CMakeTmp

Run Build Command(s):/usr/bin/gmake -f Makefile cmTC_9e0f8/fast && /usr/bin/gmake  -f CMakeFiles/cmTC_9e0f8.dir/build.make CMakeFiles/cmTC_9e0f8.dir/build
gmake[1]: Entering directory '/home/yuhangdai/OpenModelica/OMEdit/CMakeFiles/CMakeTmp'
Building CXX object CMakeFiles/cmTC_9e0f8.dir/CMakeCXXCompilerABI.cpp.o
/usr/bin/c++   -v -o CMakeFiles/cmTC_9e0f8.dir/CMakeCXXCompilerABI.cpp.o -c /usr/share/cmake-3.22/Modules/CMakeCXXCompilerABI.cpp
Using built-in specs.
COLLECT_GCC=/usr/bin/c++
OFFLOAD_TARGET_NAMES=nvptx-none:amdgcn-amdhsa
OFFLOAD_TARGET_DEFAULT=1
Target: x86_64-linux-gnu
Configured with: ../src/configure -v --with-pkgversion='Ubuntu 11.4.0-1ubuntu1~22.04.2' --with-bugurl=file:///usr/share/doc/gcc-11/README.Bugs --enable-languages=c,ada,c++,go,brig,d,fortran,objc,obj-c++,m2 --prefix=/usr --with-gcc-major-version-only --program-suffix=-11 --program-prefix=x86_64-linux-gnu- --enable-shared --enable-linker-build-id --libexecdir=/usr/lib --without-included-gettext --enable-threads=posix --libdir=/usr/lib --enable-nls --enable-bootstrap --enable-clocale=gnu --enable-libstdcxx-debug --enable-libstdcxx-time=yes --with-default-libstdcxx-abi=new --enable-gnu-unique-object --disable-vtable-verify --enable-plugin --enable-default-pie --with-system-zlib --enable-libphobos-checking=release --with-target-system-zlib=auto --enable-objc-gc=auto --enable-multiarch --disable-werror --enable-cet --with-arch-32=i686 --with-abi=m64 --with-multilib-list=m32,m64,mx32 --enable-multilib --with-tune=generic --enable-offload-targets=nvptx-none=/build/gcc-11-2Y5pKs/gcc-11-11.4.0/debian/tmp-nvptx/usr,amdgcn-amdhsa=/build/gcc-11-2Y5pKs/gcc-11-11.4.0/debian/tmp-gcn/usr --without-cuda-driver --enable-checking=release --build=x86_64-linux-gnu --host=x86_64-linux-gnu --target=x86_64-linux-gnu --with-build-config=bootstrap-lto-lean --enable-link-serialization=2
Thread model: posix
Supported LTO compression algorithms: zlib zstd
gcc version 11.4.0 (Ubuntu 11.4.0-1ubuntu1~22.04.2) 
COLLECT_GCC_OPTIONS='-v' '-o' 'CMakeFiles/cmTC_9e0f8.dir/CMakeCXXCompilerABI.cpp.o' '-c' '-shared-libgcc' '-mtune=generic' '-march=x86-64' '-dumpdir' 'CMakeFiles/cmTC_9e0f8.dir/'
 /usr/lib/gcc/x86_64-linux-gnu/11/cc1plus -quiet -v -imultiarch x86_64-linux-gnu -D_GNU_SOURCE /usr/share/cmake-3.22/Modules/CMakeCXXCompilerABI.cpp -quiet -dumpdir CMakeFiles/cmTC_9e0f8.dir/ -dumpbase CMakeCXXCompilerABI.cpp.cpp -dumpbase-ext .cpp -mtune=generic -march=x86-64 -version -fasynchronous-unwind-tables -fstack-protector-strong -Wformat -Wformat-security -fstack-clash-protection -fcf-protection -o /tmp/ccG9Jy8B.s
GNU C++17 (Ubuntu 11.4.0-1ubuntu1~22.04.2) version 11.4.0 (x86_64-linux-gnu)
	compiled by GNU C version 11.4.0, GMP version 6.2.1, MPFR version 4.1.0, MPC version 1.2.1, isl version isl-0.24-GMP

GGC heuristics: --param ggc-min-expand=100 --param ggc-min-heapsize=131072
ignoring duplicate directory "/usr/include/x86_64-linux-gnu/c++/11"
ignoring nonexistent directory "/usr/local/include/x86_64-linux-gnu"
ignoring nonexistent directory "/usr/lib/gcc/x86_64-linux-gnu/11/include-fixed"
ignoring nonexistent directory "/usr/lib/gcc/x86_64-linux-gnu/11/../../../../x86_64-linux-gnu/include"
#include "..." search starts here:
#include <...> search starts here:
 /usr/include/c++/11
 /usr/include/x86_64-linux-gnu/c++/11
 /usr/include/c++/11/backward
 /usr/lib/gcc/x86_64-linux-gnu/11/include
 /usr/local/include
 /usr/include/x86_64-linux-gnu
 /usr/include
End of search list.
GNU C++17 (Ubuntu 11.4.0-1ubuntu1~22.04.2) version 11.4.0 (x86_64-linux-gnu)
	compiled by GNU C version 11.4.0, GMP version 6.2.1, MPFR version 4.1.0, MPC version 1.2.1, isl version isl-0.24-GMP

GGC heuristics: --param ggc-min-expand=100 --param ggc-min-heapsize=131072
Compiler executable checksum: 6c87588fc345655b93b8c25f48f88886
COLLECT_GCC_OPTIONS='-v' '-o' 'CMakeFiles/cmTC_9e0f8.dir/CMakeCXXCompilerABI.cpp.o' '-c' '-shared-libgcc' '-mtune=generic' '-march=x86-64' '-dumpdir' 'CMakeFiles/cmTC_9e0f8.dir/'
 as -v --64 -o CMakeFiles/cmTC_9e0f8.dir/CMakeCXXCompilerABI.cpp.o /tmp/ccG9Jy8B.s
GNU assembler version 2.38 (x86_64-linux-gnu) using BFD version (GNU Binutils for Ubuntu) 2.38
COMPILER_PATH=/usr/lib/gcc/x86_64-linux-gnu/11/:/usr/lib/gcc/x86_64-linux-gnu/11/:/usr/lib/gcc/x86_64-linux-gnu/:/usr/lib/gcc/x86_64-linux-gnu/11/:/usr/lib/gcc/x86_64-linux-gnu/
LIBRARY_PATH=/usr/lib/gcc/x86_64-linux-gnu/11/:/usr/lib/gcc/x86_64-linux-gnu/11/../../../x86_64-linux-gnu/:/usr/lib/gcc/x86_64-linux-gnu/11/../../../../lib/:/lib/x86_64-linux-gnu/:/lib/../lib/:/usr/lib/x86_64-linux-gnu/:/usr/lib/../lib/:/usr/lib/gcc/x86_64-linux-gnu/11/../../../:/lib/:/usr/lib/
COLLECT_GCC_OPTIONS='-v' '-o' 'CMakeFiles/cmTC_9e0f8.dir/CMakeCXXCompilerABI.cpp.o' '-c' '-shared-libgcc' '-mtune=generic' '-march=x86-64' '-dumpdir' 'CMakeFiles/cmTC_9e0f8.dir/CMakeCXXCompilerABI.cpp.'
Linking CXX executable cmTC_9e0f8
/usr/bin/cmake -E cmake_link_script CMakeFiles/cmTC_9e0f8.dir/link.txt --verbose=1
/usr/bin/c++  -v CMakeFiles/cmTC_9e0f8.dir/CMakeCXXCompilerABI.cpp.o -o cmTC_9e0f8 
Using built-in specs.
COLLECT_GCC=/usr/bin/c++
COLLECT_LTO_WRAPPER=/usr/lib/gcc/x86_64-linux-gnu/11/lto-wrapper
OFFLOAD_TARGET_NAMES=nvptx-none:amdgcn-amdhsa
OFFLOAD_TARGET_DEFAULT=1
Target: x86_64-linux-gnu
Configured with: ../src/configure -v --with-pkgversion='Ubuntu 11.4.0-1ubuntu1~22.04.2' --with-bugurl=file:///usr/share/doc/gcc-11/README.Bugs --enable-languages=c,ada,c++,go,brig,d,fortran,objc,obj-c++,m2 --prefix=/usr --with-gcc-major-version-only --program-suffix=-11 --program-prefix=x86_64-linux-gnu- --enable-shared --enable-linker-build-id --libexecdir=/usr/lib --without-included-gettext --enable-threads=posix --libdir=/usr/lib --enable-nls --enable-bootstrap --enable-clocale=gnu --enable-libstdcxx-debug --enable-libstdcxx-time=yes --with-default-libstdcxx-abi=new --enable-gnu-unique-object --disable-vtable-verify --enable-plugin --enable-default-pie --with-system-zlib --enable-libphobos-checking=release --with-target-system-zlib=auto --enable-objc-gc=auto --enable-multiarch --disable-werror --enable-cet --with-arch-32=i686 --with-abi=m64 --with-multilib-list=m32,m64,mx32 --enable-multilib --with-tune=generic --enable-offload-targets=nvptx-none=/build/gcc-11-2Y5pKs/gcc-11-11.4.0/debian/tmp-nvptx/usr,amdgcn-amdhsa=/build/gcc-11-2Y5pKs/gcc-11-11.4.0/debian/tmp-gcn/usr --without-cuda-driver --enable-checking=release --build=x86_64-linux-gnu --host=x86_64-linux-gnu --target=x86_64-linux-gnu --with-build-config=bootstrap-lto-lean --enable-link-serialization=2
Thread model: posix
Supported LTO compression algorithms: zlib zstd
gcc version 11.4.0 (Ubuntu 11.4.0-1ubuntu1~22.04.2) 
COMPILER_PATH=/usr/lib/gcc/x86_64-linux-gnu/11/:/usr/lib/gcc/x86_64-linux-gnu/11/:/usr/lib/gcc/x86_64-linux-gnu/:/usr/lib/gcc/x86_64-linux-gnu/11/:/usr/lib/gcc/x86_64-linux-gnu/
LIBRARY_PATH=/usr/lib/gcc/x86_64-linux-gnu/11/:/usr/lib/gcc/x86_64-linux-gnu/11/../../../x86_64-linux-gnu/:/usr/lib/gcc/x86_64-linux-gnu/11/../../../../lib/:/lib/x86_64-linux-gnu/:/lib/../lib/:/usr/lib/x86_64-linux-gnu/:/usr/lib/../lib/:/usr/lib/gcc/x86_64-linux-gnu/11/../../../:/lib/:/usr/lib/
COLLECT_GCC_OPTIONS='-v' '-o' 'cmTC_9e0f8' '-shared-libgcc' '-mtune=generic' '-march=x86-64' '-dumpdir' 'cmTC_9e0f8.'
 /usr/lib/gcc/x86_64-linux-gnu/11/collect2 -plugin /usr/lib/gcc/x86_64-linux-gnu/11/liblto_plugin.so -plugin-opt=/usr/lib/gcc/x86_64-linux-gnu/11/lto-wrapper -plugin-opt=-fresolution=/tmp/ccmFi8Qj.res -plugin-opt=-pass-through=-lgcc_s -plugin-opt=-pass-through=-lgcc -plugin-opt=-pass-through=-lc -plugin-opt=-pass-through=-lgcc_s -plugin-opt=-pass-through=-lgcc --build-id --eh-frame-hdr -m elf_x86_64 --hash-style=gnu --as-needed -dynamic-linker /lib64/ld-linux-x86-64.so.2 -pie -z now -z relro -o cmTC_9e0f8 /usr/lib/gcc/x86_64-linux-gnu/11/../../../x86_64-linux-gnu/Scrt1.o /usr/lib/gcc/x86_64-linux-gnu/11/../../../x86_64-linux-gnu/crti.o /usr/lib/gcc/x86_64-linux-gnu/11/crtbeginS.o -L/usr/lib/gcc/x86_64-linux-gnu/11 -L/usr/lib/gcc/x86_64-linux-gnu/11/../../../x86_64-linux-gnu -L/usr/lib/gcc/x86_64-linux-gnu/11/../../../../lib -L/lib/x86_64-linux-gnu -L/lib/../lib -L/usr/lib/x86_64-linux-gnu -L/usr/lib/../lib -L/usr/lib/gcc/x86_64-linux-gnu/11/../../.. CMakeFiles/cmTC_9e0f8.dir/CMakeCXXCompilerABI.cpp.o -lstdc++ -lm -lgcc_s -lgcc -lc -lgcc_s -lgcc /usr/lib/gcc/x86_64-linux-gnu/11/crtendS.o /usr/lib/gcc/x86_64-linux-gnu/11/../../../x86_64-linux-gnu/crtn.o
COLLECT_GCC_OPTIONS='-v' '-o' 'cmTC_9e0f8' '-shared-libgcc' '-mtune=generic' '-march=x86-64' '-dumpdir' 'cmTC_9e0f8.'
gmake[1]: Leaving directory '/home/yuhangdai/OpenModelica/OMEdit/CMakeFiles/CMakeTmp'



Parsed CXX implicit include dir info from above output: rv=done
  found start of include info
  found start of implicit include info
    add: [/usr/include/c++/11]
    add: [/usr/include/x86_64-linux-gnu/c++/11]
    add: [/usr/include/c++/11/backward]
    add: [/usr/lib/gcc/x86_64-linux-gnu/11/include]
    add: [/usr/local/include]
    add: [/usr/include/x86_64-linux-gnu]
    add: [/usr/include]
  end of search list found
  collapse include dir [/usr/include/c++/11] ==> [/usr/include/c++/11]
  collapse include dir [/usr/include/x86_64-linux-gnu/c++/11] ==> [/usr/include/x86_64-linux-gnu/c++/11]
  collapse include dir [/usr/include/c++/11/backward] ==> [/usr/include/c++/11/backward]
  collapse include dir [/usr/lib/gcc/x86_64-linux-gnu/11/include] ==> [/usr/lib/gcc/x86_64-linux-gnu/11/include]
  collapse include dir [/usr/local/include] ==> [/usr/local/include]
  collapse include dir [/usr/include/x86_64-linux-gnu] ==> [/usr/include/x86_64-linux-gnu]
  collapse include dir [/usr/include] ==> [/usr/include]
  implicit include dirs: [/usr/include/c++/11;/usr/include/x86_64-linux-gnu/c++/11;/usr/include/c++/11/backward;/usr/lib/gcc/x86_64-linux-gnu/11/include;/usr/local/include;/usr/include/x86_64-linux-gnu;/usr/include]


Parsed CXX implicit link information from above output:
  link line regex: [^( *|.*[/\])(ld|CMAKE_LINK_STARTFILE-NOTFOUND|([^/\]+-)?ld|collect2)[^/\]*( |$)]
  ignore line: [Change Dir: /home/yuhangdai/OpenModelica/OMEdit/CMakeFiles/CMakeTmp]
  ignore line: []
  ignore line: [Run Build Command(s):/usr/bin/gmake -f Makefile cmTC_9e0f8/fast && /usr/bin/gmake  -f CMakeFiles/cmTC_9e0f8.dir/build.make CMakeFiles/cmTC_9e0f8.dir/build]
  ignore line: [gmake[1]: Entering directory '/home/yuhangdai/OpenModelica/OMEdit/CMakeFiles/CMakeTmp']
  ignore line: [Building CXX object CMakeFiles/cmTC_9e0f8.dir/CMakeCXXCompilerABI.cpp.o]
  ignore line: [/usr/bin/c++   -v -o CMakeFiles/cmTC_9e0f8.dir/CMakeCXXCompilerABI.cpp.o -c /usr/share/cmake-3.22/Modules/CMakeCXXCompilerABI.cpp]
  ignore line: [Using built-in specs.]
  ignore line: [COLLECT_GCC=/usr/bin/c++]
  ignore line: [OFFLOAD_TARGET_NAMES=nvptx-none:amdgcn-amdhsa]
  ignore line: [OFFLOAD_TARGET_DEFAULT=1]
  ignore line: [Target: x86_64-linux-gnu]
  ignore line: [Configured with: ../src/configure -v --with-pkgversion='Ubuntu 11.4.0-1ubuntu1~22.04.2' --with-bugurl=file:///usr/share/doc/gcc-11/README.Bugs --enable-languages=c ada c++ go brig d fortran objc obj-c++ m2 --prefix=/usr --with-gcc-major-version-only --program-suffix=-11 --program-prefix=x86_64-linux-gnu- --enable-shared --enable-linker-build-id --libexecdir=/usr/lib --without-included-gettext --enable-threads=posix --libdir=/usr/lib --enable-nls --enable-bootstrap --enable-clocale=gnu --enable-libstdcxx-debug --enable-libstdcxx-time=yes --with-default-libstdcxx-abi=new --enable-gnu-unique-object --disable-vtable-verify --enable-plugin --enable-default-pie --with-system-zlib --enable-libphobos-checking=release --with-target-system-zlib=auto --enable-objc-gc=auto --enable-multiarch --disable-werror --enable-cet --with-arch-32=i686 --with-abi=m64 --with-multilib-list=m32 m64 mx32 --enable-multilib --with-tune=generic --enable-offload-targets=nvptx-none=/build/gcc-11-2Y5pKs/gcc-11-11.4.0/debian/tmp-nvptx/usr amdgcn-amdhsa=/build/gcc-11-2Y5pKs/gcc-11-11.4.0/debian/tmp-gcn/usr --without-cuda-driver --enable-checking=release --build=x86_64-linux-gnu --host=x86_64-linux-gnu --target=x86_64-linux-gnu --with-build-config=bootstrap-lto-lean --enable-link-serialization=2]
  ignore line: [Thread model: posix]
  ignore line: [Supported LTO compression algorithms: zlib zstd]
  ignore line: [gcc version 11.4.0 (Ubuntu 11.4.0-1ubuntu1~22.04.2) ]
  ignore line: [COLLECT_GCC_OPTIONS='-v' '-o' 'CMakeFiles/cmTC_9e0f8.dir/CMakeCXXCompilerABI.cpp.o' '-c' '-shared-libgcc' '-mtune=generic' '-march=x86-64' '-dumpdir' 'CMakeFiles/cmTC_9e0f8.dir/']
  ignore line: [ /usr/lib/gcc/x86_64-linux-gnu/11/cc1plus -quiet -v -imultiarch x86_64-linux-gnu -D_GNU_SOURCE /usr/share/cmake-3.22/Modules/CMakeCXXCompilerABI.cpp -quiet -dumpdir CMakeFiles/cmTC_9e0f8.dir/ -dumpbase CMakeCXXCompilerABI.cpp.cpp -dumpbase-ext .cpp -mtune=generic -march=x86-64 -version -fasynchronous-unwind-tables -fstack-protector-strong -Wformat -Wformat-security -fstack-clash-protection -fcf-protection -o /tmp/ccG9Jy8B.s]
  ignore line: [GNU C++17 (Ubuntu 11.4.0-1ubuntu1~22.04.2) version 11.4.0 (x86_64-linux-gnu)]
  ignore line: [	compiled by GNU C version 11.4.0  GMP version 6.2.1  MPFR version 4.1.0  MPC version 1.2.1  isl version isl-0.24-GMP]
  ignore line: []
  ignore line: [GGC heuristics: --param ggc-min-expand=100 --param ggc-min-heapsize=131072]
  ignore line: [ignoring duplicate directory "/usr/include/x86_64-linux-gnu/c++/11"]
  ignore line: [ignoring nonexistent directory "/usr/local/include/x86_64-linux-gnu"]
  ignore line: [ignoring nonexistent directory "/usr/lib/gcc/x86_64-linux-gnu/11/include-fixed"]
  ignore line: [ignoring nonexistent directory "/usr/lib/gcc/x86_64-linux-gnu/11/../../../../x86_64-linux-gnu/include"]
  ignore line: [#include "..." search starts here:]
  ignore line: [#include <...> search starts here:]
  ignore line: [ /usr/include/c++/11]
  ignore line: [ /usr/include/x86_64-linux-gnu/c++/11]
  ignore line: [ /usr/include/c++/11/backward]
  ignore line: [ /usr/lib/gcc/x86_64-linux-gnu/11/include]
  ignore line: [ /usr/local/include]
  ignore line: [ /usr/include/x86_64-linux-gnu]
  ignore line: [ /usr/include]
  ignore line: [End of search list.]
  ignore line: [GNU C++17 (Ubuntu 11.4.0-1ubuntu1~22.04.2) version 11.4.0 (x86_64-linux-gnu)]
  ignore line: [	compiled by GNU C version 11.4.0  GMP version 6.2.1  MPFR version 4.1.0  MPC version 1.2.1  isl version isl-0.24-GMP]
  ignore line: []
  ignore line: [GGC heuristics: --param ggc-min-expand=100 --param ggc-min-heapsize=131072]
  ignore line: [Compiler executable checksum: 6c87588fc345655b93b8c25f48f88886]
  ignore line: [COLLECT_GCC_OPTIONS='-v' '-o' 'CMakeFiles/cmTC_9e0f8.dir/CMakeCXXCompilerABI.cpp.o' '-c' '-shared-libgcc' '-mtune=generic' '-march=x86-64' '-dumpdir' 'CMakeFiles/cmTC_9e0f8.dir/']
  ignore line: [ as -v --64 -o CMakeFiles/cmTC_9e0f8.dir/CMakeCXXCompilerABI.cpp.o /tmp/ccG9Jy8B.s]
  ignore line: [GNU assembler version 2.38 (x86_64-linux-gnu) using BFD version (GNU Binutils for Ubuntu) 2.38]
  ignore line: [COMPILER_PATH=/usr/lib/gcc/x86_64-linux-gnu/11/:/usr/lib/gcc/x86_64-linux-gnu/11/:/usr/lib/gcc/x86_64-linux-gnu/:/usr/lib/gcc/x86_64-linux-gnu/11/:/usr/lib/gcc/x86_64-linux-gnu/]
  ignore line: [LIBRARY_PATH=/usr/lib/gcc/x86_64-linux-gnu/11/:/usr/lib/gcc/x86_64-linux-gnu/11/../../../x86_64-linux-gnu/:/usr/lib/gcc/x86_64-linux-gnu/11/../../../../lib/:/lib/x86_64-linux-gnu/:/lib/../lib/:/usr/lib/x86_64-linux-gnu/:/usr/lib/../lib/:/usr/lib/gcc/x86_64-linux-gnu/11/../../../:/lib/:/usr/lib/]
  ignore line: [COLLECT_GCC_OPTIONS='-v' '-o' 'CMakeFiles/cmTC_9e0f8.dir/CMakeCXXCompilerABI.cpp.o' '-c' '-shared-libgcc' '-mtune=generic' '-march=x86-64' '-dumpdir' 'CMakeFiles/cmTC_9e0f8.dir/CMakeCXXCompilerABI.cpp.']
  ignore line: [Linking CXX executable cmTC_9e0f8]
  ignore line: [/usr/bin/cmake -E cmake_link_script CMakeFiles/cmTC_9e0f8.dir/link.txt --verbose=1]
  ignore line: [/usr/bin/c++  -v CMakeFiles/cmTC_9e0f8.dir/CMakeCXXCompilerABI.cpp.o -o cmTC_9e0f8 ]
  ignore line: [Using built-in specs.]
  ignore line: [COLLECT_GCC=/usr/bin/c++]
  ignore line: [COLLECT_LTO_WRAPPER=/usr/lib/gcc/x86_64-linux-gnu/11/lto-wrapper]
  ignore line: [OFFLOAD_TARGET_NAMES=nvptx-none:amdgcn-amdhsa]
  ignore line: [OFFLOAD_TARGET_DEFAULT=1]
  ignore line: [Target: x86_64-linux-gnu]
  ignore line: [Configured with: ../src/configure -v --with-pkgversion='Ubuntu 11.4.0-1ubuntu1~22.04.2' --with-bugurl=file:///usr/share/doc/gcc-11/README.Bugs --enable-languages=c ada c++ go brig d fortran objc obj-c++ m2 --prefix=/usr --with-gcc-major-version-only --program-suffix=-11 --program-prefix=x86_64-linux-gnu- --enable-shared --enable-linker-build-id --libexecdir=/usr/lib --without-included-gettext --enable-threads=posix --libdir=/usr/lib --enable-nls --enable-bootstrap --enable-clocale=gnu --enable-libstdcxx-debug --enable-libstdcxx-time=yes --with-default-libstdcxx-abi=new --enable-gnu-unique-object --disable-vtable-verify --enable-plugin --enable-default-pie --with-system-zlib --enable-libphobos-checking=release --with-target-system-zlib=auto --enable-objc-gc=auto --enable-multiarch --disable-werror --enable-cet --with-arch-32=i686 --with-abi=m64 --with-multilib-list=m32 m64 mx32 --enable-multilib --with-tune=generic --enable-offload-targets=nvptx-none=/build/gcc-11-2Y5pKs/gcc-11-11.4.0/debian/tmp-nvptx/usr amdgcn-amdhsa=/build/gcc-11-2Y5pKs/gcc-11-11.4.0/debian/tmp-gcn/usr --without-cuda-driver --enable-checking=release --build=x86_64-linux-gnu --host=x86_64-linux-gnu --target=x86_64-linux-gnu --with-build-config=bootstrap-lto-lean --enable-link-serialization=2]
  ignore line: [Thread model: posix]
  ignore line: [Supported LTO compression algorithms: zlib zstd]
  ignore line: [gcc version 11.4.0 (Ubuntu 11.4.0-1ubuntu1~22.04.2) ]
  ignore line: [COMPILER_PATH=/usr/lib/gcc/x86_64-linux-gnu/11/:/usr/lib/gcc/x86_64-linux-gnu/11/:/usr/lib/gcc/x86_64-linux-gnu/:/usr/lib/gcc/x86_64-linux-gnu/11/:/usr/lib/gcc/x86_64-linux-gnu/]
  ignore line: [LIBRARY_PATH=/usr/lib/gcc/x86_64-linux-gnu/11/:/usr/lib/gcc/x86_64-linux-gnu/11/../../../x86_64-linux-gnu/:/usr/lib/gcc/x86_64-linux-gnu/11/../../../../lib/:/lib/x86_64-linux-gnu/:/lib/../lib/:/usr/lib/x86_64-linux-gnu/:/usr/lib/../lib/:/usr/lib/gcc/x86_64-linux-gnu/11/../../../:/lib/:/usr/lib/]
  ignore line: [COLLECT_GCC_OPTIONS='-v' '-o' 'cmTC_9e0f8' '-shared-libgcc' '-mtune=generic' '-march=x86-64' '-dumpdir' 'cmTC_9e0f8.']
  link line: [ /usr/lib/gcc/x86_64-linux-gnu/11/collect2 -plugin /usr/lib/gcc/x86_64-linux-gnu/11/liblto_plugin.so -plugin-opt=/usr/lib/gcc/x86_64-linux-gnu/11/lto-wrapper -plugin-opt=-fresolution=/tmp/ccmFi8Qj.res -plugin-opt=-pass-through=-lgcc_s -plugin-opt=-pass-through=-lgcc -plugin-opt=-pass-through=-lc -plugin-opt=-pass-through=-lgcc_s -plugin-opt=-pass-through=-lgcc --build-id --eh-frame-hdr -m elf_x86_64 --hash-style=gnu --as-needed -dynamic-linker /lib64/ld-linux-x86-64.so.2 -pie -z now -z relro -o cmTC_9e0f8 /usr/lib/gcc/x86_64-linux-gnu/11/../../../x86_64-linux-gnu/Scrt1.o /usr/lib/gcc/x86_64-linux-gnu/11/../../../x86_64-linux-gnu/crti.o /usr/lib/gcc/x86_64-linux-gnu/11/crtbeginS.o -L/usr/lib/gcc/x86_64-linux-gnu/11 -L/usr/lib/gcc/x86_64-linux-gnu/11/../../../x86_64-linux-gnu -L/usr/lib/gcc/x86_64-linux-gnu/11/../../../../lib -L/lib/x86_64-linux-gnu -L/lib/../lib -L/usr/lib/x86_64-linux-gnu -L/usr/lib/../lib -L/usr/lib/gcc/x86_64-linux-gnu/11/../../.. CMakeFiles/cmTC_9e0f8.dir/CMakeCXXCompilerABI.cpp.o -lstdc++ -lm -lgcc_s -lgcc -lc -lgcc_s -lgcc /usr/lib/gcc/x86_64-linux-gnu/11/crtendS.o /usr/lib/gcc/x86_64-linux-gnu/11/../../../x86_64-linux-gnu/crtn.o]
    arg [/usr/lib/gcc/x86_64-linux-gnu/11/collect2] ==> ignore
    arg [-plugin] ==> ignore
    arg [/usr/lib/gcc/x86_64-linux-gnu/11/liblto_plugin.so] ==> ignore
    arg [-plugin-opt=/usr/lib/gcc/x86_64-linux-gnu/11/lto-wrapper] ==> ignore
    arg [-plugin-opt=-fresolution=/tmp/ccmFi8Qj.res] ==> ignore
    arg [-plugin-opt=-pass-through=-lgcc_s] ==> ignore
    arg [-plugin-opt=-pass-through=-lgcc] ==> ignore
    arg [-plugin-opt=-pass-through=-lc] ==> ignore
    arg [-plugin-opt=-pass-through=-lgcc_s] ==> ignore
    arg [-plugin-opt=-pass-through=-lgcc] ==> ignore
    arg [--build-id] ==> ignore
    arg [--eh-frame-hdr] ==> ignore
    arg [-m] ==> ignore
    arg [elf_x86_64] ==> ignore
    arg [--hash-style=gnu] ==> ignore
    arg [--as-needed] ==> ignore
    arg [-dynamic-linker] ==> ignore
    arg [/lib64/ld-linux-x86-64.so.2] ==> ignore
    arg [-pie] ==> ignore
    arg [-znow] ==> ignore
    arg [-zrelro] ==> ignore
    arg [-o] ==> ignore
    arg [cmTC_9e0f8] ==> ignore
    arg [/usr/lib/gcc/x86_64-linux-gnu/11/../../../x86_64-linux-gnu/Scrt1.o] ==> obj [/usr/lib/gcc/x86_64-linux-gnu/11/../../../x86_64-linux-gnu/Scrt1.o]
    arg [/usr/lib/gcc/x86_64-linux-gnu/11/../../../x86_64-linux-gnu/crti.o] ==> obj [/usr/lib/gcc/x86_64-linux-gnu/11/../../../x86_64-linux-gnu/crti.o]
    arg [/usr/lib/gcc/x86_64-linux-gnu/11/crtbeginS.o] ==> obj [/usr/lib/gcc/x86_64-linux-gnu/11/crtbeginS.o]
    arg [-L/usr/lib/gcc/x86_64-linux-gnu/11] ==> dir [/usr/lib/gcc/x86_64-linux-gnu/11]
    arg [-L/usr/lib/gcc/x86_64-linux-gnu/11/../../../x86_64-linux-gnu] ==> dir [/usr/lib/gcc/x86_64-linux-gnu/11/../../../x86_64-linux-gnu]
    arg [-L/usr/lib/gcc/x86_64-linux-gnu/11/../../../../lib] ==> dir [/usr/lib/gcc/x86_64-linux-gnu/11/../../../../lib]
    arg [-L/lib/x86_64-linux-gnu] ==> dir [/lib/x86_64-linux-gnu]
    arg [-L/lib/../lib] ==> dir [/lib/../lib]
    arg [-L/usr/lib/x86_64-linux-gnu] ==> dir [/usr/lib/x86_64-linux-gnu]
    arg [-L/usr/lib/../lib] ==> dir [/usr/lib/../lib]
    arg [-L/usr/lib/gcc/x86_64-linux-gnu/11/../../..] ==> dir [/usr/lib/gcc/x86_64-linux-gnu/11/../../..]
    arg [CMakeFiles/cmTC_9e0f8.dir/CMakeCXXCompilerABI.cpp.o] ==> ignore
    arg [-lstdc++] ==> lib [stdc++]
    arg [-lm] ==> lib [m]
    arg [-lgcc_s] ==> lib [gcc_s]
    arg [-lgcc] ==> lib [gcc]
    arg [-lc] ==> lib [c]
    arg [-lgcc_s] ==> lib [gcc_s]
    arg [-lgcc] ==> lib [gcc]
    arg [/usr/lib/gcc/x86_64-linux-gnu/11/crtendS.o] ==> obj [/usr/lib/gcc/x86_64-linux-gnu/11/crtendS.o]
    arg [/usr/lib/gcc/x86_64-linux-gnu/11/../../../x86_64-linux-gnu/crtn.o] ==> obj [/usr/lib/gcc/x86_64-linux-gnu/11/../../../x86_64-linux-gnu/crtn.o]
  collapse obj [/usr/lib/gcc/x86_64-linux-gnu/11/../../../x86_64-linux-gnu/Scrt1.o] ==> [/usr/lib/x86_64-linux-gnu/Scrt1.o]
  collapse obj [/usr/lib/gcc/x86_64-linux-gnu/11/../../../x86_64-linux-gnu/crti.o] ==> [/usr/lib/x86_64-linux-gnu/crti.o]
  collapse obj [/usr/lib/gcc/x86_64-linux-gnu/11/../../../x86_64-linux-gnu/crtn.o] ==> [/usr/lib/x86_64-linux-gnu/crtn.o]
  collapse library dir [/usr/lib/gcc/x86_64-linux-gnu/11] ==> [/usr/lib/gcc/x86_64-linux-gnu/11]
  collapse library dir [/usr/lib/gcc/x86_64-linux-gnu/11/../../../x86_64-linux-gnu] ==> [/usr/lib/x86_64-linux-gnu]
  collapse library dir [/usr/lib/gcc/x86_64-linux-gnu/11/../../../../lib] ==> [/usr/lib]
  collapse library dir [/lib/x86_64-linux-gnu] ==> [/lib/x86_64-linux-gnu]
  collapse library dir [/lib/../lib] ==> [/lib]
  collapse library dir [/usr/lib/x86_64-linux-gnu] ==> [/usr/lib/x86_64-linux-gnu]
  collapse library dir [/usr/lib/../lib] ==> [/usr/lib]
  collapse library dir [/usr/lib/gcc/x86_64-linux-gnu/11/../../..] ==> [/usr/lib]
  implicit libs: [stdc++;m;gcc_s;gcc;c;gcc_s;gcc]
  implicit objs: [/usr/lib/x86_64-linux-gnu/Scrt1.o;/usr/lib/x86_64-linux-gnu/crti.o;/usr/lib/gcc/x86_64-linux-gnu/11/crtbeginS.o;/usr/lib/gcc/x86_64-linux-gnu/11/crtendS.o;/usr/lib/x86_64-linux-gnu/crtn.o]
  implicit dirs: [/usr/lib/gcc/x86_64-linux-gnu/11;/usr/lib/x86_64-linux-gnu;/usr/lib;/lib/x86_64-linux-gnu;/lib]
  implicit fwks: []


Determining if the include file pthread.h exists passed with the following output:
Change Dir: /home/yuhangdai/OpenModelica/OMEdit/CMakeFiles/CMakeTmp

Run Build Command(s):/usr/bin/gmake -f Makefile cmTC_b8aec/fast && /usr/bin/gmake  -f CMakeFiles/cmTC_b8aec.dir/build.make CMakeFiles/cmTC_b8aec.dir/build
gmake[1]: Entering directory '/home/yuhangdai/OpenModelica/OMEdit/CMakeFiles/CMakeTmp'
Building C object CMakeFiles/cmTC_b8aec.dir/CheckIncludeFile.c.o
/usr/bin/cc    -o CMakeFiles/cmTC_b8aec.dir/CheckIncludeFile.c.o -c /home/yuhangdai/OpenModelica/OMEdit/CMakeFiles/CMakeTmp/CheckIncludeFile.c
Linking C executable cmTC_b8aec
/usr/bin/cmake -E cmake_link_script CMakeFiles/cmTC_b8aec.dir/link.txt --verbose=1
/usr/bin/cc CMakeFiles/cmTC_b8aec.dir/CheckIncludeFile.c.o -o cmTC_b8aec 
gmake[1]: Leaving directory '/home/yuhangdai/OpenModelica/OMEdit/CMakeFiles/CMakeTmp'



Performing C SOURCE FILE Test CMAKE_HAVE_LIBC_PTHREAD succeeded with the following output:
Change Dir: /home/yuhangdai/OpenModelica/OMEdit/CMakeFiles/CMakeTmp

Run Build Command(s):/usr/bin/gmake -f Makefile cmTC_263c9/fast && /usr/bin/gmake  -f CMakeFiles/cmTC_263c9.dir/build.make CMakeFiles/cmTC_263c9.dir/build
gmake[1]: Entering directory '/home/yuhangdai/OpenModelica/OMEdit/CMakeFiles/CMakeTmp'
Building C object CMakeFiles/cmTC_263c9.dir/src.c.o
/usr/bin/cc -DCMAKE_HAVE_LIBC_PTHREAD   -o CMakeFiles/cmTC_263c9.dir/src.c.o -c /home/yuhangdai/OpenModelica/OMEdit/CMakeFiles/CMakeTmp/src.c
Linking C executable cmTC_263c9
/usr/bin/cmake -E cmake_link_script CMakeFiles/cmTC_263c9.dir/link.txt --verbose=1
/usr/bin/cc CMakeFiles/cmTC_263c9.dir/src.c.o -o cmTC_263c9 
gmake[1]: Leaving directory '/home/yuhangdai/OpenModelica/OMEdit/CMakeFiles/CMakeTmp'


Source file was:
#include <pthread.h>

static void* test_func(void* data)
{
  return data;
}

int main(void)
{
  pthread_t thread;
  pthread_create(&thread, NULL, test_func, NULL);
  pthread_detach(thread);
  pthread_cancel(thread);
  pthread_join(thread, NULL);
  pthread_atfork(NULL, NULL, NULL);
  pthread_exit(NULL);

  return 0;
}

Compiling the Fortran compiler identification source file "CMakeFortranCompilerId.F" succeeded.
Compiler: /usr/bin/gfortran 
Build flags: 
Id flags: -v 

The output was:
0
Driving: /usr/bin/gfortran -v CMakeFortranCompilerId.F -l gfortran -l m -shared-libgcc
Using built-in specs.
COLLECT_GCC=/usr/bin/gfortran
COLLECT_LTO_WRAPPER=/usr/lib/gcc/x86_64-linux-gnu/11/lto-wrapper
OFFLOAD_TARGET_NAMES=nvptx-none:amdgcn-amdhsa
OFFLOAD_TARGET_DEFAULT=1
Target: x86_64-linux-gnu
Configured with: ../src/configure -v --with-pkgversion='Ubuntu 11.4.0-1ubuntu1~22.04.2' --with-bugurl=file:///usr/share/doc/gcc-11/README.Bugs --enable-languages=c,ada,c++,go,brig,d,fortran,objc,obj-c++,m2 --prefix=/usr --with-gcc-major-version-only --program-suffix=-11 --program-prefix=x86_64-linux-gnu- --enable-shared --enable-linker-build-id --libexecdir=/usr/lib --without-included-gettext --enable-threads=posix --libdir=/usr/lib --enable-nls --enable-bootstrap --enable-clocale=gnu --enable-libstdcxx-debug --enable-libstdcxx-time=yes --with-default-libstdcxx-abi=new --enable-gnu-unique-object --disable-vtable-verify --enable-plugin --enable-default-pie --with-system-zlib --enable-libphobos-checking=release --with-target-system-zlib=auto --enable-objc-gc=auto --enable-multiarch --disable-werror --enable-cet --with-arch-32=i686 --with-abi=m64 --with-multilib-list=m32,m64,mx32 --enable-multilib --with-tune=generic --enable-offload-targets=nvptx-none=/build/gcc-11-2Y5pKs/gcc-11-11.4.0/debian/tmp-nvptx/usr,amdgcn-amdhsa=/build/gcc-11-2Y5pKs/gcc-11-11.4.0/debian/tmp-gcn/usr --without-cuda-driver --enable-checking=release --build=x86_64-linux-gnu --host=x86_64-linux-gnu --target=x86_64-linux-gnu --with-build-config=bootstrap-lto-lean --enable-link-serialization=2
Thread model: posix
Supported LTO compression algorithms: zlib zstd
gcc version 11.4.0 (Ubuntu 11.4.0-1ubuntu1~22.04.2) 
COLLECT_GCC_OPTIONS='-v' '-shared-libgcc' '-mtune=generic' '-march=x86-64' '-dumpdir' 'a-'
 /usr/lib/gcc/x86_64-linux-gnu/11/f951 CMakeFortranCompilerId.F -ffixed-form -cpp=/tmp/ccDDfaUb.f90 -quiet -v -imultiarch x86_64-linux-gnu CMakeFortranCompilerId.F -quiet -dumpdir a- -dumpbase CMakeFortranCompilerId.F -dumpbase-ext .F -mtune=generic -march=x86-64 -version -fintrinsic-modules-path /usr/lib/gcc/x86_64-linux-gnu/11/finclude -fpre-include=/usr/include/finclude/math-vector-fortran.h -o /tmp/cc7fe5mC.s
GNU Fortran (Ubuntu 11.4.0-1ubuntu1~22.04.2) version 11.4.0 (x86_64-linux-gnu)
	compiled by GNU C version 11.4.0, GMP version 6.2.1, MPFR version 4.1.0, MPC version 1.2.1, isl version isl-0.24-GMP

GGC heuristics: --param ggc-min-expand=100 --param ggc-min-heapsize=131072
ignoring nonexistent directory "/usr/local/include/x86_64-linux-gnu"
ignoring nonexistent directory "/usr/lib/gcc/x86_64-linux-gnu/11/include-fixed"
ignoring nonexistent directory "/usr/lib/gcc/x86_64-linux-gnu/11/../../../../x86_64-linux-gnu/include"
#include "..." search starts here:
#include <...> search starts here:
 /usr/lib/gcc/x86_64-linux-gnu/11/finclude
 /usr/lib/gcc/x86_64-linux-gnu/11/include
 /usr/local/include
 /usr/include/x86_64-linux-gnu
 /usr/include
End of search list.
GNU Fortran2008 (Ubuntu 11.4.0-1ubuntu1~22.04.2) version 11.4.0 (x86_64-linux-gnu)
	compiled by GNU C version 11.4.0, GMP version 6.2.1, MPFR version 4.1.0, MPC version 1.2.1, isl version isl-0.24-GMP

GGC heuristics: --param ggc-min-expand=100 --param ggc-min-heapsize=131072
COLLECT_GCC_OPTIONS='-v' '-shared-libgcc' '-mtune=generic' '-march=x86-64' '-dumpdir' 'a-'
 as -v --64 -o /tmp/ccscrFVL.o /tmp/cc7fe5mC.s
GNU assembler version 2.38 (x86_64-linux-gnu) using BFD version (GNU Binutils for Ubuntu) 2.38
Reading specs from /usr/lib/gcc/x86_64-linux-gnu/11/libgfortran.spec
rename spec lib to liborig
COLLECT_GCC_OPTIONS='-v' '-shared-libgcc' '-mtune=generic' '-march=x86-64' '-dumpdir' 'a-'
COMPILER_PATH=/usr/lib/gcc/x86_64-linux-gnu/11/:/usr/lib/gcc/x86_64-linux-gnu/11/:/usr/lib/gcc/x86_64-linux-gnu/:/usr/lib/gcc/x86_64-linux-gnu/11/:/usr/lib/gcc/x86_64-linux-gnu/
LIBRARY_PATH=/usr/lib/gcc/x86_64-linux-gnu/11/:/usr/lib/gcc/x86_64-linux-gnu/11/../../../x86_64-linux-gnu/:/usr/lib/gcc/x86_64-linux-gnu/11/../../../../lib/:/lib/x86_64-linux-gnu/:/lib/../lib/:/usr/lib/x86_64-linux-gnu/:/usr/lib/../lib/:/usr/lib/gcc/x86_64-linux-gnu/11/../../../:/lib/:/usr/lib/
COLLECT_GCC_OPTIONS='-v' '-shared-libgcc' '-mtune=generic' '-march=x86-64' '-dumpdir' 'a.'
 /usr/lib/gcc/x86_64-linux-gnu/11/collect2 -plugin /usr/lib/gcc/x86_64-linux-gnu/11/liblto_plugin.so -plugin-opt=/usr/lib/gcc/x86_64-linux-gnu/11/lto-wrapper -plugin-opt=-fresolution=/tmp/ccKMKlDe.res -plugin-opt=-pass-through=-lgcc_s -plugin-opt=-pass-through=-lgcc -plugin-opt=-pass-through=-lquadmath -plugin-opt=-pass-through=-lm -plugin-opt=-pass-through=-lgcc_s -plugin-opt=-pass-through=-lgcc -plugin-opt=-pass-through=-lc -plugin-opt=-pass-through=-lgcc_s -plugin-opt=-pass-through=-lgcc --build-id --eh-frame-hdr -m elf_x86_64 --hash-style=gnu --as-needed -dynamic-linker /lib64/ld-linux-x86-64.so.2 -pie -z now -z relro /usr/lib/gcc/x86_64-linux-gnu/11/../../../x86_64-linux-gnu/Scrt1.o /usr/lib/gcc/x86_64-linux-gnu/11/../../../x86_64-linux-gnu/crti.o /usr/lib/gcc/x86_64-linux-gnu/11/crtbeginS.o -L/usr/lib/gcc/x86_64-linux-gnu/11 -L/usr/lib/gcc/x86_64-linux-gnu/11/../../../x86_64-linux-gnu -L/usr/lib/gcc/x86_64-linux-gnu/11/../../../../lib -L/lib/x86_64-linux-gnu -L/lib/../lib -L/usr/lib/x86_64-linux-gnu -L/usr/lib/../lib -L/usr/lib/gcc/x86_64-linux-gnu/11/../../.. /tmp/ccscrFVL.o -lgfortran -lm -lgcc_s -lgcc -lquadmath -lm -lgcc_s -lgcc -lc -lgcc_s -lgcc /usr/lib/gcc/x86_64-linux-gnu/11/crtendS.o /usr/lib/gcc/x86_64-linux-gnu/11/../../../x86_64-linux-gnu/crtn.o
COLLECT_GCC_OPTIONS='-v' '-shared-libgcc' '-mtune=generic' '-march=x86-64' '-dumpdir' 'a.'


Compilation of the Fortran compiler identification source "CMakeFortranCompilerId.F" produced "a.out"

The Fortran compiler identification is GNU, found in "/home/yuhangdai/OpenModelica/OMEdit/CMakeFiles/3.22.1/CompilerIdFortran/a.out"

Detecting Fortran compiler ABI info compiled with the following output:
Change Dir: /home/yuhangdai/OpenModelica/OMEdit/CMakeFiles/CMakeTmp

Run Build Command(s):/usr/bin/gmake -f Makefile cmTC_2c284/fast && /usr/bin/gmake  -f CMakeFiles/cmTC_2c284.dir/build.make CMakeFiles/cmTC_2c284.dir/build
gmake[1]: Entering directory '/home/yuhangdai/OpenModelica/OMEdit/CMakeFiles/CMakeTmp'
Building Fortran object CMakeFiles/cmTC_2c284.dir/CMakeFortranCompilerABI.F90.o
/usr/bin/gfortran   -fPIE   -v -c /usr/share/cmake-3.22/Modules/CMakeFortranCompilerABI.F90 -o CMakeFiles/cmTC_2c284.dir/CMakeFortranCompilerABI.F90.o
Using built-in specs.
COLLECT_GCC=/usr/bin/gfortran
OFFLOAD_TARGET_NAMES=nvptx-none:amdgcn-amdhsa
OFFLOAD_TARGET_DEFAULT=1
Target: x86_64-linux-gnu
Configured with: ../src/configure -v --with-pkgversion='Ubuntu 11.4.0-1ubuntu1~22.04.2' --with-bugurl=file:///usr/share/doc/gcc-11/README.Bugs --enable-languages=c,ada,c++,go,brig,d,fortran,objc,obj-c++,m2 --prefix=/usr --with-gcc-major-version-only --program-suffix=-11 --program-prefix=x86_64-linux-gnu- --enable-shared --enable-linker-build-id --libexecdir=/usr/lib --without-included-gettext --enable-threads=posix --libdir=/usr/lib --enable-nls --enable-bootstrap --enable-clocale=gnu --enable-libstdcxx-debug --enable-libstdcxx-time=yes --with-default-libstdcxx-abi=new --enable-gnu-unique-object --disable-vtable-verify --enable-plugin --enable-default-pie --with-system-zlib --enable-libphobos-checking=release --with-target-system-zlib=auto --enable-objc-gc=auto --enable-multiarch --disable-werror --enable-cet --with-arch-32=i686 --with-abi=m64 --with-multilib-list=m32,m64,mx32 --enable-multilib --with-tune=generic --enable-offload-targets=nvptx-none=/build/gcc-11-2Y5pKs/gcc-11-11.4.0/debian/tmp-nvptx/usr,amdgcn-amdhsa=/build/gcc-11-2Y5pKs/gcc-11-11.4.0/debian/tmp-gcn/usr --without-cuda-driver --enable-checking=release --build=x86_64-linux-gnu --host=x86_64-linux-gnu --target=x86_64-linux-gnu --with-build-config=bootstrap-lto-lean --enable-link-serialization=2
Thread model: posix
Supported LTO compression algorithms: zlib zstd
gcc version 11.4.0 (Ubuntu 11.4.0-1ubuntu1~22.04.2) 
COLLECT_GCC_OPTIONS='-fPIE' '-v' '-c' '-o' 'CMakeFiles/cmTC_2c284.dir/CMakeFortranCompilerABI.F90.o' '-mtune=generic' '-march=x86-64' '-dumpdir' 'CMakeFiles/cmTC_2c284.dir/'
 /usr/lib/gcc/x86_64-linux-gnu/11/f951 /usr/share/cmake-3.22/Modules/CMakeFortranCompilerABI.F90 -cpp=/tmp/cchSBn13.f90 -quiet -v -imultiarch x86_64-linux-gnu /usr/share/cmake-3.22/Modules/CMakeFortranCompilerABI.F90 -quiet -dumpdir CMakeFiles/cmTC_2c284.dir/ -dumpbase CMakeFortranCompilerABI.F90.F90 -dumpbase-ext .F90 -mtune=generic -march=x86-64 -version -fPIE -fintrinsic-modules-path /usr/lib/gcc/x86_64-linux-gnu/11/finclude -fpre-include=/usr/include/finclude/math-vector-fortran.h -o /tmp/cc1uhPmK.s
GNU Fortran (Ubuntu 11.4.0-1ubuntu1~22.04.2) version 11.4.0 (x86_64-linux-gnu)
	compiled by GNU C version 11.4.0, GMP version 6.2.1, MPFR version 4.1.0, MPC version 1.2.1, isl version isl-0.24-GMP

GGC heuristics: --param ggc-min-expand=100 --param ggc-min-heapsize=131072
ignoring nonexistent directory "/usr/local/include/x86_64-linux-gnu"
ignoring nonexistent directory "/usr/lib/gcc/x86_64-linux-gnu/11/include-fixed"
ignoring nonexistent directory "/usr/lib/gcc/x86_64-linux-gnu/11/../../../../x86_64-linux-gnu/include"
#include "..." search starts here:
#include <...> search starts here:
 /usr/lib/gcc/x86_64-linux-gnu/11/finclude
 /usr/lib/gcc/x86_64-linux-gnu/11/include
 /usr/local/include
 /usr/include/x86_64-linux-gnu
 /usr/include
End of search list.
GNU Fortran2008 (Ubuntu 11.4.0-1ubuntu1~22.04.2) version 11.4.0 (x86_64-linux-gnu)
	compiled by GNU C version 11.4.0, GMP version 6.2.1, MPFR version 4.1.0, MPC version 1.2.1, isl version isl-0.24-GMP

GGC heuristics: --param ggc-min-expand=100 --param ggc-min-heapsize=131072
COLLECT_GCC_OPTIONS='-fPIE' '-v' '-c' '-o' 'CMakeFiles/cmTC_2c284.dir/CMakeFortranCompilerABI.F90.o' '-mtune=generic' '-march=x86-64' '-dumpdir' 'CMakeFiles/cmTC_2c284.dir/'
 as -v --64 -o CMakeFiles/cmTC_2c284.dir/CMakeFortranCompilerABI.F90.o /tmp/cc1uhPmK.s
GNU assembler version 2.38 (x86_64-linux-gnu) using BFD version (GNU Binutils for Ubuntu) 2.38
COMPILER_PATH=/usr/lib/gcc/x86_64-linux-gnu/11/:/usr/lib/gcc/x86_64-linux-gnu/11/:/usr/lib/gcc/x86_64-linux-gnu/:/usr/lib/gcc/x86_64-linux-gnu/11/:/usr/lib/gcc/x86_64-linux-gnu/
LIBRARY_PATH=/usr/lib/gcc/x86_64-linux-gnu/11/:/usr/lib/gcc/x86_64-linux-gnu/11/../../../x86_64-linux-gnu/:/usr/lib/gcc/x86_64-linux-gnu/11/../../../../lib/:/lib/x86_64-linux-gnu/:/lib/../lib/:/usr/lib/x86_64-linux-gnu/:/usr/lib/../lib/:/usr/lib/gcc/x86_64-linux-gnu/11/../../../:/lib/:/usr/lib/
COLLECT_GCC_OPTIONS='-fPIE' '-v' '-c' '-o' 'CMakeFiles/cmTC_2c284.dir/CMakeFortranCompilerABI.F90.o' '-mtune=generic' '-march=x86-64' '-dumpdir' 'CMakeFiles/cmTC_2c284.dir/CMakeFortranCompilerABI.F90.'
Linking Fortran executable cmTC_2c284
/usr/bin/cmake -E cmake_link_script CMakeFiles/cmTC_2c284.dir/link.txt --verbose=1
/usr/bin/gfortran  -v CMakeFiles/cmTC_2c284.dir/CMakeFortranCompilerABI.F90.o -o cmTC_2c284 
Driving: /usr/bin/gfortran -v CMakeFiles/cmTC_2c284.dir/CMakeFortranCompilerABI.F90.o -o cmTC_2c284 -l gfortran -l m -shared-libgcc
Using built-in specs.
COLLECT_GCC=/usr/bin/gfortran
COLLECT_LTO_WRAPPER=/usr/lib/gcc/x86_64-linux-gnu/11/lto-wrapper
OFFLOAD_TARGET_NAMES=nvptx-none:amdgcn-amdhsa
OFFLOAD_TARGET_DEFAULT=1
Target: x86_64-linux-gnu
Configured with: ../src/configure -v --with-pkgversion='Ubuntu 11.4.0-1ubuntu1~22.04.2' --with-bugurl=file:///usr/share/doc/gcc-11/README.Bugs --enable-languages=c,ada,c++,go,brig,d,fortran,objc,obj-c++,m2 --prefix=/usr --with-gcc-major-version-only --program-suffix=-11 --program-prefix=x86_64-linux-gnu- --enable-shared --enable-linker-build-id --libexecdir=/usr/lib --without-included-gettext --enable-threads=posix --libdir=/usr/lib --enable-nls --enable-bootstrap --enable-clocale=gnu --enable-libstdcxx-debug --enable-libstdcxx-time=yes --with-default-libstdcxx-abi=new --enable-gnu-unique-object --disable-vtable-verify --enable-plugin --enable-default-pie --with-system-zlib --enable-libphobos-checking=release --with-target-system-zlib=auto --enable-objc-gc=auto --enable-multiarch --disable-werror --enable-cet --with-arch-32=i686 --with-abi=m64 --with-multilib-list=m32,m64,mx32 --enable-multilib --with-tune=generic --enable-offload-targets=nvptx-none=/build/gcc-11-2Y5pKs/gcc-11-11.4.0/debian/tmp-nvptx/usr,amdgcn-amdhsa=/build/gcc-11-2Y5pKs/gcc-11-11.4.0/debian/tmp-gcn/usr --without-cuda-driver --enable-checking=release --build=x86_64-linux-gnu --host=x86_64-linux-gnu --target=x86_64-linux-gnu --with-build-config=bootstrap-lto-lean --enable-link-serialization=2
Thread model: posix
Supported LTO compression algorithms: zlib zstd
gcc version 11.4.0 (Ubuntu 11.4.0-1ubuntu1~22.04.2) 
Reading specs from /usr/lib/gcc/x86_64-linux-gnu/11/libgfortran.spec
rename spec lib to liborig
COLLECT_GCC_OPTIONS='-v' '-o' 'cmTC_2c284' '-shared-libgcc' '-mtune=generic' '-march=x86-64' '-dumpdir' 'cmTC_2c284-'
COMPILER_PATH=/usr/lib/gcc/x86_64-linux-gnu/11/:/usr/lib/gcc/x86_64-linux-gnu/11/:/usr/lib/gcc/x86_64-linux-gnu/:/usr/lib/gcc/x86_64-linux-gnu/11/:/usr/lib/gcc/x86_64-linux-gnu/
LIBRARY_PATH=/usr/lib/gcc/x86_64-linux-gnu/11/:/usr/lib/gcc/x86_64-linux-gnu/11/../../../x86_64-linux-gnu/:/usr/lib/gcc/x86_64-linux-gnu/11/../../../../lib/:/lib/x86_64-linux-gnu/:/lib/../lib/:/usr/lib/x86_64-linux-gnu/:/usr/lib/../lib/:/usr/lib/gcc/x86_64-linux-gnu/11/../../../:/lib/:/usr/lib/
COLLECT_GCC_OPTIONS='-v' '-o' 'cmTC_2c284' '-shared-libgcc' '-mtune=generic' '-march=x86-64' '-dumpdir' 'cmTC_2c284.'
 /usr/lib/gcc/x86_64-linux-gnu/11/collect2 -plugin /usr/lib/gcc/x86_64-linux-gnu/11/liblto_plugin.so -plugin-opt=/usr/lib/gcc/x86_64-linux-gnu/11/lto-wrapper -plugin-opt=-fresolution=/tmp/ccep2RlB.res -plugin-opt=-pass-through=-lgcc_s -plugin-opt=-pass-through=-lgcc -plugin-opt=-pass-through=-lquadmath -plugin-opt=-pass-through=-lm -plugin-opt=-pass-through=-lgcc_s -plugin-opt=-pass-through=-lgcc -plugin-opt=-pass-through=-lc -plugin-opt=-pass-through=-lgcc_s -plugin-opt=-pass-through=-lgcc --build-id --eh-frame-hdr -m elf_x86_64 --hash-style=gnu --as-needed -dynamic-linker /lib64/ld-linux-x86-64.so.2 -pie -z now -z relro -o cmTC_2c284 /usr/lib/gcc/x86_64-linux-gnu/11/../../../x86_64-linux-gnu/Scrt1.o /usr/lib/gcc/x86_64-linux-gnu/11/../../../x86_64-linux-gnu/crti.o /usr/lib/gcc/x86_64-linux-gnu/11/crtbeginS.o -L/usr/lib/gcc/x86_64-linux-gnu/11 -L/usr/lib/gcc/x86_64-linux-gnu/11/../../../x86_64-linux-gnu -L/usr/lib/gcc/x86_64-linux-gnu/11/../../../../lib -L/lib/x86_64-linux-gnu -L/lib/../lib -L/usr/lib/x86_64-linux-gnu -L/usr/lib/../lib -L/usr/lib/gcc/x86_64-linux-gnu/11/../../.. CMakeFiles/cmTC_2c284.dir/CMakeFortranCompilerABI.F90.o -lgfortran -lm -lgcc_s -lgcc -lquadmath -lm -lgcc_s -lgcc -lc -lgcc_s -lgcc /usr/lib/gcc/x86_64-linux-gnu/11/crtendS.o /usr/lib/gcc/x86_64-linux-gnu/11/../../../x86_64-linux-gnu/crtn.o
COLLECT_GCC_OPTIONS='-v' '-o' 'cmTC_2c284' '-shared-libgcc' '-mtune=generic' '-march=x86-64' '-dumpdir' 'cmTC_2c284.'
gmake[1]: Leaving directory '/home/yuhangdai/OpenModelica/OMEdit/CMakeFiles/CMakeTmp'



Parsed Fortran implicit include dir info from above output: rv=done
  found start of include info
  found start of implicit include info
    add: [/usr/lib/gcc/x86_64-linux-gnu/11/finclude]
    add: [/usr/lib/gcc/x86_64-linux-gnu/11/include]
    add: [/usr/local/include]
    add: [/usr/include/x86_64-linux-gnu]
    add: [/usr/include]
  end of search list found
  collapse include dir [/usr/lib/gcc/x86_64-linux-gnu/11/finclude] ==> [/usr/lib/gcc/x86_64-linux-gnu/11/finclude]
  collapse include dir [/usr/lib/gcc/x86_64-linux-gnu/11/include] ==> [/usr/lib/gcc/x86_64-linux-gnu/11/include]
  collapse include dir [/usr/local/include] ==> [/usr/local/include]
  collapse include dir [/usr/include/x86_64-linux-gnu] ==> [/usr/include/x86_64-linux-gnu]
  collapse include dir [/usr/include] ==> [/usr/include]
  implicit include dirs: [/usr/lib/gcc/x86_64-linux-gnu/11/finclude;/usr/lib/gcc/x86_64-linux-gnu/11/include;/usr/local/include;/usr/include/x86_64-linux-gnu;/usr/include]


Parsed Fortran implicit link information from above output:
  link line regex: [^( *|.*[/\])(ld|CMAKE_LINK_STARTFILE-NOTFOUND|([^/\]+-)?ld|collect2)[^/\]*( |$)]
  ignore line: [Change Dir: /home/yuhangdai/OpenModelica/OMEdit/CMakeFiles/CMakeTmp]
  ignore line: []
  ignore line: [Run Build Command(s):/usr/bin/gmake -f Makefile cmTC_2c284/fast && /usr/bin/gmake  -f CMakeFiles/cmTC_2c284.dir/build.make CMakeFiles/cmTC_2c284.dir/build]
  ignore line: [gmake[1]: Entering directory '/home/yuhangdai/OpenModelica/OMEdit/CMakeFiles/CMakeTmp']
  ignore line: [Building Fortran object CMakeFiles/cmTC_2c284.dir/CMakeFortranCompilerABI.F90.o]
  ignore line: [/usr/bin/gfortran   -fPIE   -v -c /usr/share/cmake-3.22/Modules/CMakeFortranCompilerABI.F90 -o CMakeFiles/cmTC_2c284.dir/CMakeFortranCompilerABI.F90.o]
  ignore line: [Using built-in specs.]
  ignore line: [COLLECT_GCC=/usr/bin/gfortran]
  ignore line: [OFFLOAD_TARGET_NAMES=nvptx-none:amdgcn-amdhsa]
  ignore line: [OFFLOAD_TARGET_DEFAULT=1]
  ignore line: [Target: x86_64-linux-gnu]
  ignore line: [Configured with: ../src/configure -v --with-pkgversion='Ubuntu 11.4.0-1ubuntu1~22.04.2' --with-bugurl=file:///usr/share/doc/gcc-11/README.Bugs --enable-languages=c ada c++ go brig d fortran objc obj-c++ m2 --prefix=/usr --with-gcc-major-version-only --program-suffix=-11 --program-prefix=x86_64-linux-gnu- --enable-shared --enable-linker-build-id --libexecdir=/usr/lib --without-included-gettext --enable-threads=posix --libdir=/usr/lib --enable-nls --enable-bootstrap --enable-clocale=gnu --enable-libstdcxx-debug --enable-libstdcxx-time=yes --with-default-libstdcxx-abi=new --enable-gnu-unique-object --disable-vtable-verify --enable-plugin --enable-default-pie --with-system-zlib --enable-libphobos-checking=release --with-target-system-zlib=auto --enable-objc-gc=auto --enable-multiarch --disable-werror --enable-cet --with-arch-32=i686 --with-abi=m64 --with-multilib-list=m32 m64 mx32 --enable-multilib --with-tune=generic --enable-offload-targets=nvptx-none=/build/gcc-11-2Y5pKs/gcc-11-11.4.0/debian/tmp-nvptx/usr amdgcn-amdhsa=/build/gcc-11-2Y5pKs/gcc-11-11.4.0/debian/tmp-gcn/usr --without-cuda-driver --enable-checking=release --build=x86_64-linux-gnu --host=x86_64-linux-gnu --target=x86_64-linux-gnu --with-build-config=bootstrap-lto-lean --enable-link-serialization=2]
  ignore line: [Thread model: posix]
  ignore line: [Supported LTO compression algorithms: zlib zstd]
  ignore line: [gcc version 11.4.0 (Ubuntu 11.4.0-1ubuntu1~22.04.2) ]
  ignore line: [COLLECT_GCC_OPTIONS='-fPIE' '-v' '-c' '-o' 'CMakeFiles/cmTC_2c284.dir/CMakeFortranCompilerABI.F90.o' '-mtune=generic' '-march=x86-64' '-dumpdir' 'CMakeFiles/cmTC_2c284.dir/']
  ignore line: [ /usr/lib/gcc/x86_64-linux-gnu/11/f951 /usr/share/cmake-3.22/Modules/CMakeFortranCompilerABI.F90 -cpp=/tmp/cchSBn13.f90 -quiet -v -imultiarch x86_64-linux-gnu /usr/share/cmake-3.22/Modules/CMakeFortranCompilerABI.F90 -quiet -dumpdir CMakeFiles/cmTC_2c284.dir/ -dumpbase CMakeFortranCompilerABI.F90.F90 -dumpbase-ext .F90 -mtune=generic -march=x86-64 -version -fPIE -fintrinsic-modules-path /usr/lib/gcc/x86_64-linux-gnu/11/finclude -fpre-include=/usr/include/finclude/math-vector-fortran.h -o /tmp/cc1uhPmK.s]
  ignore line: [GNU Fortran (Ubuntu 11.4.0-1ubuntu1~22.04.2) version 11.4.0 (x86_64-linux-gnu)]
  ignore line: [	compiled by GNU C version 11.4.0  GMP version 6.2.1  MPFR version 4.1.0  MPC version 1.2.1  isl version isl-0.24-GMP]
  ignore line: []
  ignore line: [GGC heuristics: --param ggc-min-expand=100 --param ggc-min-heapsize=131072]
  ignore line: [ignoring nonexistent directory "/usr/local/include/x86_64-linux-gnu"]
  ignore line: [ignoring nonexistent directory "/usr/lib/gcc/x86_64-linux-gnu/11/include-fixed"]
  ignore line: [ignoring nonexistent directory "/usr/lib/gcc/x86_64-linux-gnu/11/../../../../x86_64-linux-gnu/include"]
  ignore line: [#include "..." search starts here:]
  ignore line: [#include <...> search starts here:]
  ignore line: [ /usr/lib/gcc/x86_64-linux-gnu/11/finclude]
  ignore line: [ /usr/lib/gcc/x86_64-linux-gnu/11/include]
  ignore line: [ /usr/local/include]
  ignore line: [ /usr/include/x86_64-linux-gnu]
  ignore line: [ /usr/include]
  ignore line: [End of search list.]
  ignore line: [GNU Fortran2008 (Ubuntu 11.4.0-1ubuntu1~22.04.2) version 11.4.0 (x86_64-linux-gnu)]
  ignore line: [	compiled by GNU C version 11.4.0  GMP version 6.2.1  MPFR version 4.1.0  MPC version 1.2.1  isl version isl-0.24-GMP]
  ignore line: []
  ignore line: [GGC heuristics: --param ggc-min-expand=100 --param ggc-min-heapsize=131072]
  ignore line: [COLLECT_GCC_OPTIONS='-fPIE' '-v' '-c' '-o' 'CMakeFiles/cmTC_2c284.dir/CMakeFortranCompilerABI.F90.o' '-mtune=generic' '-march=x86-64' '-dumpdir' 'CMakeFiles/cmTC_2c284.dir/']
  ignore line: [ as -v --64 -o CMakeFiles/cmTC_2c284.dir/CMakeFortranCompilerABI.F90.o /tmp/cc1uhPmK.s]
  ignore line: [GNU assembler version 2.38 (x86_64-linux-gnu) using BFD version (GNU Binutils for Ubuntu) 2.38]
  ignore line: [COMPILER_PATH=/usr/lib/gcc/x86_64-linux-gnu/11/:/usr/lib/gcc/x86_64-linux-gnu/11/:/usr/lib/gcc/x86_64-linux-gnu/:/usr/lib/gcc/x86_64-linux-gnu/11/:/usr/lib/gcc/x86_64-linux-gnu/]
  ignore line: [LIBRARY_PATH=/usr/lib/gcc/x86_64-linux-gnu/11/:/usr/lib/gcc/x86_64-linux-gnu/11/../../../x86_64-linux-gnu/:/usr/lib/gcc/x86_64-linux-gnu/11/../../../../lib/:/lib/x86_64-linux-gnu/:/lib/../lib/:/usr/lib/x86_64-linux-gnu/:/usr/lib/../lib/:/usr/lib/gcc/x86_64-linux-gnu/11/../../../:/lib/:/usr/lib/]
  ignore line: [COLLECT_GCC_OPTIONS='-fPIE' '-v' '-c' '-o' 'CMakeFiles/cmTC_2c284.dir/CMakeFortranCompilerABI.F90.o' '-mtune=generic' '-march=x86-64' '-dumpdir' 'CMakeFiles/cmTC_2c284.dir/CMakeFortranCompilerABI.F90.']
  ignore line: [Linking Fortran executable cmTC_2c284]
  ignore line: [/usr/bin/cmake -E cmake_link_script CMakeFiles/cmTC_2c284.dir/link.txt --verbose=1]
  ignore line: [/usr/bin/gfortran  -v CMakeFiles/cmTC_2c284.dir/CMakeFortranCompilerABI.F90.o -o cmTC_2c284 ]
  ignore line: [Driving: /usr/bin/gfortran -v CMakeFiles/cmTC_2c284.dir/CMakeFortranCompilerABI.F90.o -o cmTC_2c284 -l gfortran -l m -shared-libgcc]
  ignore line: [Using built-in specs.]
  ignore line: [COLLECT_GCC=/usr/bin/gfortran]
  ignore line: [COLLECT_LTO_WRAPPER=/usr/lib/gcc/x86_64-linux-gnu/11/lto-wrapper]
  ignore line: [OFFLOAD_TARGET_NAMES=nvptx-none:amdgcn-amdhsa]
  ignore line: [OFFLOAD_TARGET_DEFAULT=1]
  ignore line: [Target: x86_64-linux-gnu]
  ignore line: [Configured with: ../src/configure -v --with-pkgversion='Ubuntu 11.4.0-1ubuntu1~22.04.2' --with-bugurl=file:///usr/share/doc/gcc-11/README.Bugs --enable-languages=c ada c++ go brig d fortran objc obj-c++ m2 --prefix=/usr --with-gcc-major-version-only --program-suffix=-11 --program-prefix=x86_64-linux-gnu- --enable-shared --enable-linker-build-id --libexecdir=/usr/lib --without-included-gettext --enable-threads=posix --libdir=/usr/lib --enable-nls --enable-bootstrap --enable-clocale=gnu --enable-libstdcxx-debug --enable-libstdcxx-time=yes --with-default-libstdcxx-abi=new --enable-gnu-unique-object --disable-vtable-verify --enable-plugin --enable-default-pie --with-system-zlib --enable-libphobos-checking=release --with-target-system-zlib=auto --enable-objc-gc=auto --enable-multiarch --disable-werror --enable-cet --with-arch-32=i686 --with-abi=m64 --with-multilib-list=m32 m64 mx32 --enable-multilib --with-tune=generic --enable-offload-targets=nvptx-none=/build/gcc-11-2Y5pKs/gcc-11-11.4.0/debian/tmp-nvptx/usr amdgcn-amdhsa=/build/gcc-11-2Y5pKs/gcc-11-11.4.0/debian/tmp-gcn/usr --without-cuda-driver --enable-checking=release --build=x86_64-linux-gnu --host=x86_64-linux-gnu --target=x86_64-linux-gnu --with-build-config=bootstrap-lto-lean --enable-link-serialization=2]
  ignore line: [Thread model: posix]
  ignore line: [Supported LTO compression algorithms: zlib zstd]
  ignore line: [gcc version 11.4.0 (Ubuntu 11.4.0-1ubuntu1~22.04.2) ]
  ignore line: [Reading specs from /usr/lib/gcc/x86_64-linux-gnu/11/libgfortran.spec]
  ignore line: [rename spec lib to liborig]
  ignore line: [COLLECT_GCC_OPTIONS='-v' '-o' 'cmTC_2c284' '-shared-libgcc' '-mtune=generic' '-march=x86-64' '-dumpdir' 'cmTC_2c284-']
  ignore line: [COMPILER_PATH=/usr/lib/gcc/x86_64-linux-gnu/11/:/usr/lib/gcc/x86_64-linux-gnu/11/:/usr/lib/gcc/x86_64-linux-gnu/:/usr/lib/gcc/x86_64-linux-gnu/11/:/usr/lib/gcc/x86_64-linux-gnu/]
  ignore line: [LIBRARY_PATH=/usr/lib/gcc/x86_64-linux-gnu/11/:/usr/lib/gcc/x86_64-linux-gnu/11/../../../x86_64-linux-gnu/:/usr/lib/gcc/x86_64-linux-gnu/11/../../../../lib/:/lib/x86_64-linux-gnu/:/lib/../lib/:/usr/lib/x86_64-linux-gnu/:/usr/lib/../lib/:/usr/lib/gcc/x86_64-linux-gnu/11/../../../:/lib/:/usr/lib/]
  ignore line: [COLLECT_GCC_OPTIONS='-v' '-o' 'cmTC_2c284' '-shared-libgcc' '-mtune=generic' '-march=x86-64' '-dumpdir' 'cmTC_2c284.']
  link line: [ /usr/lib/gcc/x86_64-linux-gnu/11/collect2 -plugin /usr/lib/gcc/x86_64-linux-gnu/11/liblto_plugin.so -plugin-opt=/usr/lib/gcc/x86_64-linux-gnu/11/lto-wrapper -plugin-opt=-fresolution=/tmp/ccep2RlB.res -plugin-opt=-pass-through=-lgcc_s -plugin-opt=-pass-through=-lgcc -plugin-opt=-pass-through=-lquadmath -plugin-opt=-pass-through=-lm -plugin-opt=-pass-through=-lgcc_s -plugin-opt=-pass-through=-lgcc -plugin-opt=-pass-through=-lc -plugin-opt=-pass-through=-lgcc_s -plugin-opt=-pass-through=-lgcc --build-id --eh-frame-hdr -m elf_x86_64 --hash-style=gnu --as-needed -dynamic-linker /lib64/ld-linux-x86-64.so.2 -pie -z now -z relro -o cmTC_2c284 /usr/lib/gcc/x86_64-linux-gnu/11/../../../x86_64-linux-gnu/Scrt1.o /usr/lib/gcc/x86_64-linux-gnu/11/../../../x86_64-linux-gnu/crti.o /usr/lib/gcc/x86_64-linux-gnu/11/crtbeginS.o -L/usr/lib/gcc/x86_64-linux-gnu/11 -L/usr/lib/gcc/x86_64-linux-gnu/11/../../../x86_64-linux-gnu -L/usr/lib/gcc/x86_64-linux-gnu/11/../../../../lib -L/lib/x86_64-linux-gnu -L/lib/../lib -L/usr/lib/x86_64-linux-gnu -L/usr/lib/../lib -L/usr/lib/gcc/x86_64-linux-gnu/11/../../.. CMakeFiles/cmTC_2c284.dir/CMakeFortranCompilerABI.F90.o -lgfortran -lm -lgcc_s -lgcc -lquadmath -lm -lgcc_s -lgcc -lc -lgcc_s -lgcc /usr/lib/gcc/x86_64-linux-gnu/11/crtendS.o /usr/lib/gcc/x86_64-linux-gnu/11/../../../x86_64-linux-gnu/crtn.o]
    arg [/usr/lib/gcc/x86_64-linux-gnu/11/collect2] ==> ignore
    arg [-plugin] ==> ignore
    arg [/usr/lib/gcc/x86_64-linux-gnu/11/liblto_plugin.so] ==> ignore
    arg [-plugin-opt=/usr/lib/gcc/x86_64-linux-gnu/11/lto-wrapper] ==> ignore
    arg [-plugin-opt=-fresolution=/tmp/ccep2RlB.res] ==> ignore
    arg [-plugin-opt=-pass-through=-lgcc_s] ==> ignore
    arg [-plugin-opt=-pass-through=-lgcc] ==> ignore
    arg [-plugin-opt=-pass-through=-lquadmath] ==> ignore
    arg [-plugin-opt=-pass-through=-lm] ==> ignore
    arg [-plugin-opt=-pass-through=-lgcc_s] ==> ignore
    arg [-plugin-opt=-pass-through=-lgcc] ==> ignore
    arg [-plugin-opt=-pass-through=-lc] ==> ignore
    arg [-plugin-opt=-pass-through=-lgcc_s] ==> ignore
    arg [-plugin-opt=-pass-through=-lgcc] ==> ignore
    arg [--build-id] ==> ignore
    arg [--eh-frame-hdr] ==> ignore
    arg [-m] ==> ignore
    arg [elf_x86_64] ==> ignore
    arg [--hash-style=gnu] ==> ignore
    arg [--as-needed] ==> ignore
    arg [-dynamic-linker] ==> ignore
    arg [/lib64/ld-linux-x86-64.so.2] ==> ignore
    arg [-pie] ==> ignore
    arg [-znow] ==> ignore
    arg [-zrelro] ==> ignore
    arg [-o] ==> ignore
    arg [cmTC_2c284] ==> ignore
    arg [/usr/lib/gcc/x86_64-linux-gnu/11/../../../x86_64-linux-gnu/Scrt1.o] ==> obj [/usr/lib/gcc/x86_64-linux-gnu/11/../../../x86_64-linux-gnu/Scrt1.o]
    arg [/usr/lib/gcc/x86_64-linux-gnu/11/../../../x86_64-linux-gnu/crti.o] ==> obj [/usr/lib/gcc/x86_64-linux-gnu/11/../../../x86_64-linux-gnu/crti.o]
    arg [/usr/lib/gcc/x86_64-linux-gnu/11/crtbeginS.o] ==> obj [/usr/lib/gcc/x86_64-linux-gnu/11/crtbeginS.o]
    arg [-L/usr/lib/gcc/x86_64-linux-gnu/11] ==> dir [/usr/lib/gcc/x86_64-linux-gnu/11]
    arg [-L/usr/lib/gcc/x86_64-linux-gnu/11/../../../x86_64-linux-gnu] ==> dir [/usr/lib/gcc/x86_64-linux-gnu/11/../../../x86_64-linux-gnu]
    arg [-L/usr/lib/gcc/x86_64-linux-gnu/11/../../../../lib] ==> dir [/usr/lib/gcc/x86_64-linux-gnu/11/../../../../lib]
    arg [-L/lib/x86_64-linux-gnu] ==> dir [/lib/x86_64-linux-gnu]
    arg [-L/lib/../lib] ==> dir [/lib/../lib]
    arg [-L/usr/lib/x86_64-linux-gnu] ==> dir [/usr/lib/x86_64-linux-gnu]
    arg [-L/usr/lib/../lib] ==> dir [/usr/lib/../lib]
    arg [-L/usr/lib/gcc/x86_64-linux-gnu/11/../../..] ==> dir [/usr/lib/gcc/x86_64-linux-gnu/11/../../..]
    arg [CMakeFiles/cmTC_2c284.dir/CMakeFortranCompilerABI.F90.o] ==> ignore
    arg [-lgfortran] ==> lib [gfortran]
    arg [-lm] ==> lib [m]
    arg [-lgcc_s] ==> lib [gcc_s]
    arg [-lgcc] ==> lib [gcc]
    arg [-lquadmath] ==> lib [quadmath]
    arg [-lm] ==> lib [m]
    arg [-lgcc_s] ==> lib [gcc_s]
    arg [-lgcc] ==> lib [gcc]
    arg [-lc] ==> lib [c]
    arg [-lgcc_s] ==> lib [gcc_s]
    arg [-lgcc] ==> lib [gcc]
    arg [/usr/lib/gcc/x86_64-linux-gnu/11/crtendS.o] ==> obj [/usr/lib/gcc/x86_64-linux-gnu/11/crtendS.o]
    arg [/usr/lib/gcc/x86_64-linux-gnu/11/../../../x86_64-linux-gnu/crtn.o] ==> obj [/usr/lib/gcc/x86_64-linux-gnu/11/../../../x86_64-linux-gnu/crtn.o]
  collapse obj [/usr/lib/gcc/x86_64-linux-gnu/11/../../../x86_64-linux-gnu/Scrt1.o] ==> [/usr/lib/x86_64-linux-gnu/Scrt1.o]
  collapse obj [/usr/lib/gcc/x86_64-linux-gnu/11/../../../x86_64-linux-gnu/crti.o] ==> [/usr/lib/x86_64-linux-gnu/crti.o]
  collapse obj [/usr/lib/gcc/x86_64-linux-gnu/11/../../../x86_64-linux-gnu/crtn.o] ==> [/usr/lib/x86_64-linux-gnu/crtn.o]
  collapse library dir [/usr/lib/gcc/x86_64-linux-gnu/11] ==> [/usr/lib/gcc/x86_64-linux-gnu/11]
  collapse library dir [/usr/lib/gcc/x86_64-linux-gnu/11/../../../x86_64-linux-gnu] ==> [/usr/lib/x86_64-linux-gnu]
  collapse library dir [/usr/lib/gcc/x86_64-linux-gnu/11/../../../../lib] ==> [/usr/lib]
  collapse library dir [/lib/x86_64-linux-gnu] ==> [/lib/x86_64-linux-gnu]
  collapse library dir [/lib/../lib] ==> [/lib]
  collapse library dir [/usr/lib/x86_64-linux-gnu] ==> [/usr/lib/x86_64-linux-gnu]
  collapse library dir [/usr/lib/../lib] ==> [/usr/lib]
  collapse library dir [/usr/lib/gcc/x86_64-linux-gnu/11/../../..] ==> [/usr/lib]
  implicit libs: [gfortran;m;gcc_s;gcc;quadmath;m;gcc_s;gcc;c;gcc_s;gcc]
  implicit objs: [/usr/lib/x86_64-linux-gnu/Scrt1.o;/usr/lib/x86_64-linux-gnu/crti.o;/usr/lib/gcc/x86_64-linux-gnu/11/crtbeginS.o;/usr/lib/gcc/x86_64-linux-gnu/11/crtendS.o;/usr/lib/x86_64-linux-gnu/crtn.o]
  implicit dirs: [/usr/lib/gcc/x86_64-linux-gnu/11;/usr/lib/x86_64-linux-gnu;/usr/lib;/lib/x86_64-linux-gnu;/lib]
  implicit fwks: []


Determining if the include file unistd.h exists passed with the following output:
Change Dir: /home/yuhangdai/OpenModelica/OMEdit/CMakeFiles/CMakeTmp

Run Build Command(s):/usr/bin/gmake -f Makefile cmTC_12bc5/fast && /usr/bin/gmake  -f CMakeFiles/cmTC_12bc5.dir/build.make CMakeFiles/cmTC_12bc5.dir/build
gmake[1]: Entering directory '/home/yuhangdai/OpenModelica/OMEdit/CMakeFiles/CMakeTmp'
Building C object CMakeFiles/cmTC_12bc5.dir/CheckIncludeFile.c.o
/usr/bin/cc   -fPIE -o CMakeFiles/cmTC_12bc5.dir/CheckIncludeFile.c.o -c /home/yuhangdai/OpenModelica/OMEdit/CMakeFiles/CMakeTmp/CheckIncludeFile.c
Linking C executable cmTC_12bc5
/usr/bin/cmake -E cmake_link_script CMakeFiles/cmTC_12bc5.dir/link.txt --verbose=1
/usr/bin/cc CMakeFiles/cmTC_12bc5.dir/CheckIncludeFile.c.o -o cmTC_12bc5 
gmake[1]: Leaving directory '/home/yuhangdai/OpenModelica/OMEdit/CMakeFiles/CMakeTmp'



Determining if the function accept exists passed with the following output:
Change Dir: /home/yuhangdai/OpenModelica/OMEdit/CMakeFiles/CMakeTmp

Run Build Command(s):/usr/bin/gmake -f Makefile cmTC_94bf5/fast && /usr/bin/gmake  -f CMakeFiles/cmTC_94bf5.dir/build.make CMakeFiles/cmTC_94bf5.dir/build
gmake[1]: Entering directory '/home/yuhangdai/OpenModelica/OMEdit/CMakeFiles/CMakeTmp'
Building C object CMakeFiles/cmTC_94bf5.dir/CheckFunctionExists.c.o
/usr/bin/cc   -DCHECK_FUNCTION_EXISTS=accept -fPIE -o CMakeFiles/cmTC_94bf5.dir/CheckFunctionExists.c.o -c /usr/share/cmake-3.22/Modules/CheckFunctionExists.c
Linking C executable cmTC_94bf5
/usr/bin/cmake -E cmake_link_script CMakeFiles/cmTC_94bf5.dir/link.txt --verbose=1
/usr/bin/cc  -DCHECK_FUNCTION_EXISTS=accept CMakeFiles/cmTC_94bf5.dir/CheckFunctionExists.c.o -o cmTC_94bf5 
gmake[1]: Leaving directory '/home/yuhangdai/OpenModelica/OMEdit/CMakeFiles/CMakeTmp'



Determining if the function memmove exists passed with the following output:
Change Dir: /home/yuhangdai/OpenModelica/OMEdit/CMakeFiles/CMakeTmp

Run Build Command(s):/usr/bin/gmake -f Makefile cmTC_1ce24/fast && /usr/bin/gmake  -f CMakeFiles/cmTC_1ce24.dir/build.make CMakeFiles/cmTC_1ce24.dir/build
gmake[1]: Entering directory '/home/yuhangdai/OpenModelica/OMEdit/CMakeFiles/CMakeTmp'
Building C object CMakeFiles/cmTC_1ce24.dir/CheckFunctionExists.c.o
/usr/bin/cc   -DCHECK_FUNCTION_EXISTS=memmove -fPIE -o CMakeFiles/cmTC_1ce24.dir/CheckFunctionExists.c.o -c /usr/share/cmake-3.22/Modules/CheckFunctionExists.c
<command-line>: warning: conflicting types for built-in function ‘memmove’; expected ‘void *(void *, const void *, long unsigned int)’ [-Wbuiltin-declaration-mismatch]
/usr/share/cmake-3.22/Modules/CheckFunctionExists.c:7:3: note: in expansion of macro ‘CHECK_FUNCTION_EXISTS’
    7 |   CHECK_FUNCTION_EXISTS(void);
      |   ^~~~~~~~~~~~~~~~~~~~~
/usr/share/cmake-3.22/Modules/CheckFunctionExists.c:1:1: note: ‘memmove’ is declared in header ‘<string.h>’
  +++ |+#include <string.h>
    1 | #ifdef CHECK_FUNCTION_EXISTS
Linking C executable cmTC_1ce24
/usr/bin/cmake -E cmake_link_script CMakeFiles/cmTC_1ce24.dir/link.txt --verbose=1
/usr/bin/cc  -DCHECK_FUNCTION_EXISTS=memmove CMakeFiles/cmTC_1ce24.dir/CheckFunctionExists.c.o -o cmTC_1ce24 
gmake[1]: Leaving directory '/home/yuhangdai/OpenModelica/OMEdit/CMakeFiles/CMakeTmp'



Determining if the function memset exists passed with the following output:
Change Dir: /home/yuhangdai/OpenModelica/OMEdit/CMakeFiles/CMakeTmp

Run Build Command(s):/usr/bin/gmake -f Makefile cmTC_7929c/fast && /usr/bin/gmake  -f CMakeFiles/cmTC_7929c.dir/build.make CMakeFiles/cmTC_7929c.dir/build
gmake[1]: Entering directory '/home/yuhangdai/OpenModelica/OMEdit/CMakeFiles/CMakeTmp'
Building C object CMakeFiles/cmTC_7929c.dir/CheckFunctionExists.c.o
/usr/bin/cc   -DCHECK_FUNCTION_EXISTS=memset -fPIE -o CMakeFiles/cmTC_7929c.dir/CheckFunctionExists.c.o -c /usr/share/cmake-3.22/Modules/CheckFunctionExists.c
<command-line>: warning: conflicting types for built-in function ‘memset’; expected ‘void *(void *, int,  long unsigned int)’ [-Wbuiltin-declaration-mismatch]
/usr/share/cmake-3.22/Modules/CheckFunctionExists.c:7:3: note: in expansion of macro ‘CHECK_FUNCTION_EXISTS’
    7 |   CHECK_FUNCTION_EXISTS(void);
      |   ^~~~~~~~~~~~~~~~~~~~~
/usr/share/cmake-3.22/Modules/CheckFunctionExists.c:1:1: note: ‘memset’ is declared in header ‘<string.h>’
  +++ |+#include <string.h>
    1 | #ifdef CHECK_FUNCTION_EXISTS
Linking C executable cmTC_7929c
/usr/bin/cmake -E cmake_link_script CMakeFiles/cmTC_7929c.dir/link.txt --verbose=1
/usr/bin/cc  -DCHECK_FUNCTION_EXISTS=memset CMakeFiles/cmTC_7929c.dir/CheckFunctionExists.c.o -o cmTC_7929c 
gmake[1]: Leaving directory '/home/yuhangdai/OpenModelica/OMEdit/CMakeFiles/CMakeTmp'



Determining if the function strdup exists passed with the following output:
Change Dir: /home/yuhangdai/OpenModelica/OMEdit/CMakeFiles/CMakeTmp

Run Build Command(s):/usr/bin/gmake -f Makefile cmTC_8ec20/fast && /usr/bin/gmake  -f CMakeFiles/cmTC_8ec20.dir/build.make CMakeFiles/cmTC_8ec20.dir/build
gmake[1]: Entering directory '/home/yuhangdai/OpenModelica/OMEdit/CMakeFiles/CMakeTmp'
Building C object CMakeFiles/cmTC_8ec20.dir/CheckFunctionExists.c.o
/usr/bin/cc   -DCHECK_FUNCTION_EXISTS=strdup -fPIE -o CMakeFiles/cmTC_8ec20.dir/CheckFunctionExists.c.o -c /usr/share/cmake-3.22/Modules/CheckFunctionExists.c
<command-line>: warning: conflicting types for built-in function ‘strdup’; expected ‘char *(const char *)’ [-Wbuiltin-declaration-mismatch]
/usr/share/cmake-3.22/Modules/CheckFunctionExists.c:7:3: note: in expansion of macro ‘CHECK_FUNCTION_EXISTS’
    7 |   CHECK_FUNCTION_EXISTS(void);
      |   ^~~~~~~~~~~~~~~~~~~~~
Linking C executable cmTC_8ec20
/usr/bin/cmake -E cmake_link_script CMakeFiles/cmTC_8ec20.dir/link.txt --verbose=1
/usr/bin/cc  -DCHECK_FUNCTION_EXISTS=strdup CMakeFiles/cmTC_8ec20.dir/CheckFunctionExists.c.o -o cmTC_8ec20 
gmake[1]: Leaving directory '/home/yuhangdai/OpenModelica/OMEdit/CMakeFiles/CMakeTmp'



Determining if the include file arpa/nameser.h exists passed with the following output:
Change Dir: /home/yuhangdai/OpenModelica/OMEdit/CMakeFiles/CMakeTmp

Run Build Command(s):/usr/bin/gmake -f Makefile cmTC_6cea7/fast && /usr/bin/gmake  -f CMakeFiles/cmTC_6cea7.dir/build.make CMakeFiles/cmTC_6cea7.dir/build
gmake[1]: Entering directory '/home/yuhangdai/OpenModelica/OMEdit/CMakeFiles/CMakeTmp'
Building C object CMakeFiles/cmTC_6cea7.dir/CheckIncludeFile.c.o
/usr/bin/cc   -fPIE -o CMakeFiles/cmTC_6cea7.dir/CheckIncludeFile.c.o -c /home/yuhangdai/OpenModelica/OMEdit/CMakeFiles/CMakeTmp/CheckIncludeFile.c
Linking C executable cmTC_6cea7
/usr/bin/cmake -E cmake_link_script CMakeFiles/cmTC_6cea7.dir/link.txt --verbose=1
/usr/bin/cc CMakeFiles/cmTC_6cea7.dir/CheckIncludeFile.c.o -o cmTC_6cea7 
gmake[1]: Leaving directory '/home/yuhangdai/OpenModelica/OMEdit/CMakeFiles/CMakeTmp'



Determining if the include file ctype.h exists passed with the following output:
Change Dir: /home/yuhangdai/OpenModelica/OMEdit/CMakeFiles/CMakeTmp

Run Build Command(s):/usr/bin/gmake -f Makefile cmTC_b78bc/fast && /usr/bin/gmake  -f CMakeFiles/cmTC_b78bc.dir/build.make CMakeFiles/cmTC_b78bc.dir/build
gmake[1]: Entering directory '/home/yuhangdai/OpenModelica/OMEdit/CMakeFiles/CMakeTmp'
Building C object CMakeFiles/cmTC_b78bc.dir/CheckIncludeFile.c.o
/usr/bin/cc   -fPIE -o CMakeFiles/cmTC_b78bc.dir/CheckIncludeFile.c.o -c /home/yuhangdai/OpenModelica/OMEdit/CMakeFiles/CMakeTmp/CheckIncludeFile.c
Linking C executable cmTC_b78bc
/usr/bin/cmake -E cmake_link_script CMakeFiles/cmTC_b78bc.dir/link.txt --verbose=1
/usr/bin/cc CMakeFiles/cmTC_b78bc.dir/CheckIncludeFile.c.o -o cmTC_b78bc 
gmake[1]: Leaving directory '/home/yuhangdai/OpenModelica/OMEdit/CMakeFiles/CMakeTmp'



Determining if the include file dlfcn.h exists passed with the following output:
Change Dir: /home/yuhangdai/OpenModelica/OMEdit/CMakeFiles/CMakeTmp

Run Build Command(s):/usr/bin/gmake -f Makefile cmTC_d4454/fast && /usr/bin/gmake  -f CMakeFiles/cmTC_d4454.dir/build.make CMakeFiles/cmTC_d4454.dir/build
gmake[1]: Entering directory '/home/yuhangdai/OpenModelica/OMEdit/CMakeFiles/CMakeTmp'
Building C object CMakeFiles/cmTC_d4454.dir/CheckIncludeFile.c.o
/usr/bin/cc   -fPIE -o CMakeFiles/cmTC_d4454.dir/CheckIncludeFile.c.o -c /home/yuhangdai/OpenModelica/OMEdit/CMakeFiles/CMakeTmp/CheckIncludeFile.c
Linking C executable cmTC_d4454
/usr/bin/cmake -E cmake_link_script CMakeFiles/cmTC_d4454.dir/link.txt --verbose=1
/usr/bin/cc CMakeFiles/cmTC_d4454.dir/CheckIncludeFile.c.o -o cmTC_d4454 
gmake[1]: Leaving directory '/home/yuhangdai/OpenModelica/OMEdit/CMakeFiles/CMakeTmp'



Determining if the include file inttypes.h exists passed with the following output:
Change Dir: /home/yuhangdai/OpenModelica/OMEdit/CMakeFiles/CMakeTmp

Run Build Command(s):/usr/bin/gmake -f Makefile cmTC_0f696/fast && /usr/bin/gmake  -f CMakeFiles/cmTC_0f696.dir/build.make CMakeFiles/cmTC_0f696.dir/build
gmake[1]: Entering directory '/home/yuhangdai/OpenModelica/OMEdit/CMakeFiles/CMakeTmp'
Building C object CMakeFiles/cmTC_0f696.dir/CheckIncludeFile.c.o
/usr/bin/cc   -fPIE -o CMakeFiles/cmTC_0f696.dir/CheckIncludeFile.c.o -c /home/yuhangdai/OpenModelica/OMEdit/CMakeFiles/CMakeTmp/CheckIncludeFile.c
Linking C executable cmTC_0f696
/usr/bin/cmake -E cmake_link_script CMakeFiles/cmTC_0f696.dir/link.txt --verbose=1
/usr/bin/cc CMakeFiles/cmTC_0f696.dir/CheckIncludeFile.c.o -o cmTC_0f696 
gmake[1]: Leaving directory '/home/yuhangdai/OpenModelica/OMEdit/CMakeFiles/CMakeTmp'



Determining if the include file malloc.h exists passed with the following output:
Change Dir: /home/yuhangdai/OpenModelica/OMEdit/CMakeFiles/CMakeTmp

Run Build Command(s):/usr/bin/gmake -f Makefile cmTC_cdbfc/fast && /usr/bin/gmake  -f CMakeFiles/cmTC_cdbfc.dir/build.make CMakeFiles/cmTC_cdbfc.dir/build
gmake[1]: Entering directory '/home/yuhangdai/OpenModelica/OMEdit/CMakeFiles/CMakeTmp'
Building C object CMakeFiles/cmTC_cdbfc.dir/CheckIncludeFile.c.o
/usr/bin/cc   -fPIE -o CMakeFiles/cmTC_cdbfc.dir/CheckIncludeFile.c.o -c /home/yuhangdai/OpenModelica/OMEdit/CMakeFiles/CMakeTmp/CheckIncludeFile.c
Linking C executable cmTC_cdbfc
/usr/bin/cmake -E cmake_link_script CMakeFiles/cmTC_cdbfc.dir/link.txt --verbose=1
/usr/bin/cc CMakeFiles/cmTC_cdbfc.dir/CheckIncludeFile.c.o -o cmTC_cdbfc 
gmake[1]: Leaving directory '/home/yuhangdai/OpenModelica/OMEdit/CMakeFiles/CMakeTmp'



Determining if the include file memory.h exists passed with the following output:
Change Dir: /home/yuhangdai/OpenModelica/OMEdit/CMakeFiles/CMakeTmp

Run Build Command(s):/usr/bin/gmake -f Makefile cmTC_ce027/fast && /usr/bin/gmake  -f CMakeFiles/cmTC_ce027.dir/build.make CMakeFiles/cmTC_ce027.dir/build
gmake[1]: Entering directory '/home/yuhangdai/OpenModelica/OMEdit/CMakeFiles/CMakeTmp'
Building C object CMakeFiles/cmTC_ce027.dir/CheckIncludeFile.c.o
/usr/bin/cc   -fPIE -o CMakeFiles/cmTC_ce027.dir/CheckIncludeFile.c.o -c /home/yuhangdai/OpenModelica/OMEdit/CMakeFiles/CMakeTmp/CheckIncludeFile.c
Linking C executable cmTC_ce027
/usr/bin/cmake -E cmake_link_script CMakeFiles/cmTC_ce027.dir/link.txt --verbose=1
/usr/bin/cc CMakeFiles/cmTC_ce027.dir/CheckIncludeFile.c.o -o cmTC_ce027 
gmake[1]: Leaving directory '/home/yuhangdai/OpenModelica/OMEdit/CMakeFiles/CMakeTmp'



Determining if the include file netdb.h exists passed with the following output:
Change Dir: /home/yuhangdai/OpenModelica/OMEdit/CMakeFiles/CMakeTmp

Run Build Command(s):/usr/bin/gmake -f Makefile cmTC_75b43/fast && /usr/bin/gmake  -f CMakeFiles/cmTC_75b43.dir/build.make CMakeFiles/cmTC_75b43.dir/build
gmake[1]: Entering directory '/home/yuhangdai/OpenModelica/OMEdit/CMakeFiles/CMakeTmp'
Building C object CMakeFiles/cmTC_75b43.dir/CheckIncludeFile.c.o
/usr/bin/cc   -fPIE -o CMakeFiles/cmTC_75b43.dir/CheckIncludeFile.c.o -c /home/yuhangdai/OpenModelica/OMEdit/CMakeFiles/CMakeTmp/CheckIncludeFile.c
Linking C executable cmTC_75b43
/usr/bin/cmake -E cmake_link_script CMakeFiles/cmTC_75b43.dir/link.txt --verbose=1
/usr/bin/cc CMakeFiles/cmTC_75b43.dir/CheckIncludeFile.c.o -o cmTC_75b43 
gmake[1]: Leaving directory '/home/yuhangdai/OpenModelica/OMEdit/CMakeFiles/CMakeTmp'



Determining if the include file netinet/in.h exists passed with the following output:
Change Dir: /home/yuhangdai/OpenModelica/OMEdit/CMakeFiles/CMakeTmp

Run Build Command(s):/usr/bin/gmake -f Makefile cmTC_57114/fast && /usr/bin/gmake  -f CMakeFiles/cmTC_57114.dir/build.make CMakeFiles/cmTC_57114.dir/build
gmake[1]: Entering directory '/home/yuhangdai/OpenModelica/OMEdit/CMakeFiles/CMakeTmp'
Building C object CMakeFiles/cmTC_57114.dir/CheckIncludeFile.c.o
/usr/bin/cc   -fPIE -o CMakeFiles/cmTC_57114.dir/CheckIncludeFile.c.o -c /home/yuhangdai/OpenModelica/OMEdit/CMakeFiles/CMakeTmp/CheckIncludeFile.c
Linking C executable cmTC_57114
/usr/bin/cmake -E cmake_link_script CMakeFiles/cmTC_57114.dir/link.txt --verbose=1
/usr/bin/cc CMakeFiles/cmTC_57114.dir/CheckIncludeFile.c.o -o cmTC_57114 
gmake[1]: Leaving directory '/home/yuhangdai/OpenModelica/OMEdit/CMakeFiles/CMakeTmp'



Determining if the include file netinet/tcp.h exists passed with the following output:
Change Dir: /home/yuhangdai/OpenModelica/OMEdit/CMakeFiles/CMakeTmp

Run Build Command(s):/usr/bin/gmake -f Makefile cmTC_b30c2/fast && /usr/bin/gmake  -f CMakeFiles/cmTC_b30c2.dir/build.make CMakeFiles/cmTC_b30c2.dir/build
gmake[1]: Entering directory '/home/yuhangdai/OpenModelica/OMEdit/CMakeFiles/CMakeTmp'
Building C object CMakeFiles/cmTC_b30c2.dir/CheckIncludeFile.c.o
/usr/bin/cc   -fPIE -o CMakeFiles/cmTC_b30c2.dir/CheckIncludeFile.c.o -c /home/yuhangdai/OpenModelica/OMEdit/CMakeFiles/CMakeTmp/CheckIncludeFile.c
Linking C executable cmTC_b30c2
/usr/bin/cmake -E cmake_link_script CMakeFiles/cmTC_b30c2.dir/link.txt --verbose=1
/usr/bin/cc CMakeFiles/cmTC_b30c2.dir/CheckIncludeFile.c.o -o cmTC_b30c2 
gmake[1]: Leaving directory '/home/yuhangdai/OpenModelica/OMEdit/CMakeFiles/CMakeTmp'



Determining if the include file resolv.h exists passed with the following output:
Change Dir: /home/yuhangdai/OpenModelica/OMEdit/CMakeFiles/CMakeTmp

Run Build Command(s):/usr/bin/gmake -f Makefile cmTC_96468/fast && /usr/bin/gmake  -f CMakeFiles/cmTC_96468.dir/build.make CMakeFiles/cmTC_96468.dir/build
gmake[1]: Entering directory '/home/yuhangdai/OpenModelica/OMEdit/CMakeFiles/CMakeTmp'
Building C object CMakeFiles/cmTC_96468.dir/CheckIncludeFile.c.o
/usr/bin/cc   -fPIE -o CMakeFiles/cmTC_96468.dir/CheckIncludeFile.c.o -c /home/yuhangdai/OpenModelica/OMEdit/CMakeFiles/CMakeTmp/CheckIncludeFile.c
Linking C executable cmTC_96468
/usr/bin/cmake -E cmake_link_script CMakeFiles/cmTC_96468.dir/link.txt --verbose=1
/usr/bin/cc CMakeFiles/cmTC_96468.dir/CheckIncludeFile.c.o -o cmTC_96468 
gmake[1]: Leaving directory '/home/yuhangdai/OpenModelica/OMEdit/CMakeFiles/CMakeTmp'



Determining if the include file stdarg.h exists passed with the following output:
Change Dir: /home/yuhangdai/OpenModelica/OMEdit/CMakeFiles/CMakeTmp

Run Build Command(s):/usr/bin/gmake -f Makefile cmTC_fdf3b/fast && /usr/bin/gmake  -f CMakeFiles/cmTC_fdf3b.dir/build.make CMakeFiles/cmTC_fdf3b.dir/build
gmake[1]: Entering directory '/home/yuhangdai/OpenModelica/OMEdit/CMakeFiles/CMakeTmp'
Building C object CMakeFiles/cmTC_fdf3b.dir/CheckIncludeFile.c.o
/usr/bin/cc   -fPIE -o CMakeFiles/cmTC_fdf3b.dir/CheckIncludeFile.c.o -c /home/yuhangdai/OpenModelica/OMEdit/CMakeFiles/CMakeTmp/CheckIncludeFile.c
Linking C executable cmTC_fdf3b
/usr/bin/cmake -E cmake_link_script CMakeFiles/cmTC_fdf3b.dir/link.txt --verbose=1
/usr/bin/cc CMakeFiles/cmTC_fdf3b.dir/CheckIncludeFile.c.o -o cmTC_fdf3b 
gmake[1]: Leaving directory '/home/yuhangdai/OpenModelica/OMEdit/CMakeFiles/CMakeTmp'



Determining if the include file stdint.h exists passed with the following output:
Change Dir: /home/yuhangdai/OpenModelica/OMEdit/CMakeFiles/CMakeTmp

Run Build Command(s):/usr/bin/gmake -f Makefile cmTC_7019f/fast && /usr/bin/gmake  -f CMakeFiles/cmTC_7019f.dir/build.make CMakeFiles/cmTC_7019f.dir/build
gmake[1]: Entering directory '/home/yuhangdai/OpenModelica/OMEdit/CMakeFiles/CMakeTmp'
Building C object CMakeFiles/cmTC_7019f.dir/CheckIncludeFile.c.o
/usr/bin/cc   -fPIE -o CMakeFiles/cmTC_7019f.dir/CheckIncludeFile.c.o -c /home/yuhangdai/OpenModelica/OMEdit/CMakeFiles/CMakeTmp/CheckIncludeFile.c
Linking C executable cmTC_7019f
/usr/bin/cmake -E cmake_link_script CMakeFiles/cmTC_7019f.dir/link.txt --verbose=1
/usr/bin/cc CMakeFiles/cmTC_7019f.dir/CheckIncludeFile.c.o -o cmTC_7019f 
gmake[1]: Leaving directory '/home/yuhangdai/OpenModelica/OMEdit/CMakeFiles/CMakeTmp'



Determining if the include file stdlib.h exists passed with the following output:
Change Dir: /home/yuhangdai/OpenModelica/OMEdit/CMakeFiles/CMakeTmp

Run Build Command(s):/usr/bin/gmake -f Makefile cmTC_013f5/fast && /usr/bin/gmake  -f CMakeFiles/cmTC_013f5.dir/build.make CMakeFiles/cmTC_013f5.dir/build
gmake[1]: Entering directory '/home/yuhangdai/OpenModelica/OMEdit/CMakeFiles/CMakeTmp'
Building C object CMakeFiles/cmTC_013f5.dir/CheckIncludeFile.c.o
/usr/bin/cc   -fPIE -o CMakeFiles/cmTC_013f5.dir/CheckIncludeFile.c.o -c /home/yuhangdai/OpenModelica/OMEdit/CMakeFiles/CMakeTmp/CheckIncludeFile.c
Linking C executable cmTC_013f5
/usr/bin/cmake -E cmake_link_script CMakeFiles/cmTC_013f5.dir/link.txt --verbose=1
/usr/bin/cc CMakeFiles/cmTC_013f5.dir/CheckIncludeFile.c.o -o cmTC_013f5 
gmake[1]: Leaving directory '/home/yuhangdai/OpenModelica/OMEdit/CMakeFiles/CMakeTmp'



Determining if the include file strings.h exists passed with the following output:
Change Dir: /home/yuhangdai/OpenModelica/OMEdit/CMakeFiles/CMakeTmp

Run Build Command(s):/usr/bin/gmake -f Makefile cmTC_b2bac/fast && /usr/bin/gmake  -f CMakeFiles/cmTC_b2bac.dir/build.make CMakeFiles/cmTC_b2bac.dir/build
gmake[1]: Entering directory '/home/yuhangdai/OpenModelica/OMEdit/CMakeFiles/CMakeTmp'
Building C object CMakeFiles/cmTC_b2bac.dir/CheckIncludeFile.c.o
/usr/bin/cc   -fPIE -o CMakeFiles/cmTC_b2bac.dir/CheckIncludeFile.c.o -c /home/yuhangdai/OpenModelica/OMEdit/CMakeFiles/CMakeTmp/CheckIncludeFile.c
Linking C executable cmTC_b2bac
/usr/bin/cmake -E cmake_link_script CMakeFiles/cmTC_b2bac.dir/link.txt --verbose=1
/usr/bin/cc CMakeFiles/cmTC_b2bac.dir/CheckIncludeFile.c.o -o cmTC_b2bac 
gmake[1]: Leaving directory '/home/yuhangdai/OpenModelica/OMEdit/CMakeFiles/CMakeTmp'



Determining if the include file string.h exists passed with the following output:
Change Dir: /home/yuhangdai/OpenModelica/OMEdit/CMakeFiles/CMakeTmp

Run Build Command(s):/usr/bin/gmake -f Makefile cmTC_8b6a2/fast && /usr/bin/gmake  -f CMakeFiles/cmTC_8b6a2.dir/build.make CMakeFiles/cmTC_8b6a2.dir/build
gmake[1]: Entering directory '/home/yuhangdai/OpenModelica/OMEdit/CMakeFiles/CMakeTmp'
Building C object CMakeFiles/cmTC_8b6a2.dir/CheckIncludeFile.c.o
/usr/bin/cc   -fPIE -o CMakeFiles/cmTC_8b6a2.dir/CheckIncludeFile.c.o -c /home/yuhangdai/OpenModelica/OMEdit/CMakeFiles/CMakeTmp/CheckIncludeFile.c
Linking C executable cmTC_8b6a2
/usr/bin/cmake -E cmake_link_script CMakeFiles/cmTC_8b6a2.dir/link.txt --verbose=1
/usr/bin/cc CMakeFiles/cmTC_8b6a2.dir/CheckIncludeFile.c.o -o cmTC_8b6a2 
gmake[1]: Leaving directory '/home/yuhangdai/OpenModelica/OMEdit/CMakeFiles/CMakeTmp'



Determining if the include file sys/socket.h exists passed with the following output:
Change Dir: /home/yuhangdai/OpenModelica/OMEdit/CMakeFiles/CMakeTmp

Run Build Command(s):/usr/bin/gmake -f Makefile cmTC_13f56/fast && /usr/bin/gmake  -f CMakeFiles/cmTC_13f56.dir/build.make CMakeFiles/cmTC_13f56.dir/build
gmake[1]: Entering directory '/home/yuhangdai/OpenModelica/OMEdit/CMakeFiles/CMakeTmp'
Building C object CMakeFiles/cmTC_13f56.dir/CheckIncludeFile.c.o
/usr/bin/cc   -fPIE -o CMakeFiles/cmTC_13f56.dir/CheckIncludeFile.c.o -c /home/yuhangdai/OpenModelica/OMEdit/CMakeFiles/CMakeTmp/CheckIncludeFile.c
Linking C executable cmTC_13f56
/usr/bin/cmake -E cmake_link_script CMakeFiles/cmTC_13f56.dir/link.txt --verbose=1
/usr/bin/cc CMakeFiles/cmTC_13f56.dir/CheckIncludeFile.c.o -o cmTC_13f56 
gmake[1]: Leaving directory '/home/yuhangdai/OpenModelica/OMEdit/CMakeFiles/CMakeTmp'



Determining if the include file sys/stat.h exists passed with the following output:
Change Dir: /home/yuhangdai/OpenModelica/OMEdit/CMakeFiles/CMakeTmp

Run Build Command(s):/usr/bin/gmake -f Makefile cmTC_ac015/fast && /usr/bin/gmake  -f CMakeFiles/cmTC_ac015.dir/build.make CMakeFiles/cmTC_ac015.dir/build
gmake[1]: Entering directory '/home/yuhangdai/OpenModelica/OMEdit/CMakeFiles/CMakeTmp'
Building C object CMakeFiles/cmTC_ac015.dir/CheckIncludeFile.c.o
/usr/bin/cc   -fPIE -o CMakeFiles/cmTC_ac015.dir/CheckIncludeFile.c.o -c /home/yuhangdai/OpenModelica/OMEdit/CMakeFiles/CMakeTmp/CheckIncludeFile.c
Linking C executable cmTC_ac015
/usr/bin/cmake -E cmake_link_script CMakeFiles/cmTC_ac015.dir/link.txt --verbose=1
/usr/bin/cc CMakeFiles/cmTC_ac015.dir/CheckIncludeFile.c.o -o cmTC_ac015 
gmake[1]: Leaving directory '/home/yuhangdai/OpenModelica/OMEdit/CMakeFiles/CMakeTmp'



Determining if the include file sys/types.h exists passed with the following output:
Change Dir: /home/yuhangdai/OpenModelica/OMEdit/CMakeFiles/CMakeTmp

Run Build Command(s):/usr/bin/gmake -f Makefile cmTC_374cb/fast && /usr/bin/gmake  -f CMakeFiles/cmTC_374cb.dir/build.make CMakeFiles/cmTC_374cb.dir/build
gmake[1]: Entering directory '/home/yuhangdai/OpenModelica/OMEdit/CMakeFiles/CMakeTmp'
Building C object CMakeFiles/cmTC_374cb.dir/CheckIncludeFile.c.o
/usr/bin/cc   -fPIE -o CMakeFiles/cmTC_374cb.dir/CheckIncludeFile.c.o -c /home/yuhangdai/OpenModelica/OMEdit/CMakeFiles/CMakeTmp/CheckIncludeFile.c
Linking C executable cmTC_374cb
/usr/bin/cmake -E cmake_link_script CMakeFiles/cmTC_374cb.dir/link.txt --verbose=1
/usr/bin/cc CMakeFiles/cmTC_374cb.dir/CheckIncludeFile.c.o -o cmTC_374cb 
gmake[1]: Leaving directory '/home/yuhangdai/OpenModelica/OMEdit/CMakeFiles/CMakeTmp'



Determining if files stdlib.h;stdarg.h;string.h;float.h exist passed with the following output:
Change Dir: /home/yuhangdai/OpenModelica/OMEdit/CMakeFiles/CMakeTmp

Run Build Command(s):/usr/bin/gmake -f Makefile cmTC_48451/fast && /usr/bin/gmake  -f CMakeFiles/cmTC_48451.dir/build.make CMakeFiles/cmTC_48451.dir/build
gmake[1]: Entering directory '/home/yuhangdai/OpenModelica/OMEdit/CMakeFiles/CMakeTmp'
Building C object CMakeFiles/cmTC_48451.dir/STDC_HEADERS.c.o
/usr/bin/cc   -fPIE -o CMakeFiles/cmTC_48451.dir/STDC_HEADERS.c.o -c /home/yuhangdai/OpenModelica/OMEdit/CMakeFiles/CheckIncludeFiles/STDC_HEADERS.c
Linking C executable cmTC_48451
/usr/bin/cmake -E cmake_link_script CMakeFiles/cmTC_48451.dir/link.txt --verbose=1
/usr/bin/cc CMakeFiles/cmTC_48451.dir/STDC_HEADERS.c.o -o cmTC_48451 
gmake[1]: Leaving directory '/home/yuhangdai/OpenModelica/OMEdit/CMakeFiles/CMakeTmp'



Determining if the include file stddef.h exists passed with the following output:
Change Dir: /home/yuhangdai/OpenModelica/OMEdit/CMakeFiles/CMakeTmp

Run Build Command(s):/usr/bin/gmake -f Makefile cmTC_073fb/fast && /usr/bin/gmake  -f CMakeFiles/cmTC_073fb.dir/build.make CMakeFiles/cmTC_073fb.dir/build
gmake[1]: Entering directory '/home/yuhangdai/OpenModelica/OMEdit/CMakeFiles/CMakeTmp'
Building C object CMakeFiles/cmTC_073fb.dir/CheckIncludeFile.c.o
/usr/bin/cc   -fPIE -o CMakeFiles/cmTC_073fb.dir/CheckIncludeFile.c.o -c /home/yuhangdai/OpenModelica/OMEdit/CMakeFiles/CMakeTmp/CheckIncludeFile.c
Linking C executable cmTC_073fb
/usr/bin/cmake -E cmake_link_script CMakeFiles/cmTC_073fb.dir/link.txt --verbose=1
/usr/bin/cc CMakeFiles/cmTC_073fb.dir/CheckIncludeFile.c.o -o cmTC_073fb 
gmake[1]: Leaving directory '/home/yuhangdai/OpenModelica/OMEdit/CMakeFiles/CMakeTmp'



Determining size of intptr_t passed with the following output:
Change Dir: /home/yuhangdai/OpenModelica/OMEdit/CMakeFiles/CMakeTmp

Run Build Command(s):/usr/bin/gmake -f Makefile cmTC_bfee6/fast && /usr/bin/gmake  -f CMakeFiles/cmTC_bfee6.dir/build.make CMakeFiles/cmTC_bfee6.dir/build
gmake[1]: Entering directory '/home/yuhangdai/OpenModelica/OMEdit/CMakeFiles/CMakeTmp'
Building C object CMakeFiles/cmTC_bfee6.dir/INTPTR_T.c.o
/usr/bin/cc   -fPIE -o CMakeFiles/cmTC_bfee6.dir/INTPTR_T.c.o -c /home/yuhangdai/OpenModelica/OMEdit/CMakeFiles/CheckTypeSize/INTPTR_T.c
Linking C executable cmTC_bfee6
/usr/bin/cmake -E cmake_link_script CMakeFiles/cmTC_bfee6.dir/link.txt --verbose=1
/usr/bin/cc CMakeFiles/cmTC_bfee6.dir/INTPTR_T.c.o -o cmTC_bfee6 
gmake[1]: Leaving directory '/home/yuhangdai/OpenModelica/OMEdit/CMakeFiles/CMakeTmp'



Determining size of double passed with the following output:
Change Dir: /home/yuhangdai/OpenModelica/OMEdit/CMakeFiles/CMakeTmp

Run Build Command(s):/usr/bin/gmake -f Makefile cmTC_f4358/fast && /usr/bin/gmake  -f CMakeFiles/cmTC_f4358.dir/build.make CMakeFiles/cmTC_f4358.dir/build
gmake[1]: Entering directory '/home/yuhangdai/OpenModelica/OMEdit/CMakeFiles/CMakeTmp'
Building C object CMakeFiles/cmTC_f4358.dir/SIZEOF_DOUBLE.c.o
/usr/bin/cc   -fPIE -o CMakeFiles/cmTC_f4358.dir/SIZEOF_DOUBLE.c.o -c /home/yuhangdai/OpenModelica/OMEdit/CMakeFiles/CheckTypeSize/SIZEOF_DOUBLE.c
Linking C executable cmTC_f4358
/usr/bin/cmake -E cmake_link_script CMakeFiles/cmTC_f4358.dir/link.txt --verbose=1
/usr/bin/cc CMakeFiles/cmTC_f4358.dir/SIZEOF_DOUBLE.c.o -o cmTC_f4358 
gmake[1]: Leaving directory '/home/yuhangdai/OpenModelica/OMEdit/CMakeFiles/CMakeTmp'



Determining size of long double passed with the following output:
Change Dir: /home/yuhangdai/OpenModelica/OMEdit/CMakeFiles/CMakeTmp

Run Build Command(s):/usr/bin/gmake -f Makefile cmTC_084e9/fast && /usr/bin/gmake  -f CMakeFiles/cmTC_084e9.dir/build.make CMakeFiles/cmTC_084e9.dir/build
gmake[1]: Entering directory '/home/yuhangdai/OpenModelica/OMEdit/CMakeFiles/CMakeTmp'
Building C object CMakeFiles/cmTC_084e9.dir/SIZEOF_LONG_DOUBLE.c.o
/usr/bin/cc   -fPIE -o CMakeFiles/cmTC_084e9.dir/SIZEOF_LONG_DOUBLE.c.o -c /home/yuhangdai/OpenModelica/OMEdit/CMakeFiles/CheckTypeSize/SIZEOF_LONG_DOUBLE.c
Linking C executable cmTC_084e9
/usr/bin/cmake -E cmake_link_script CMakeFiles/cmTC_084e9.dir/link.txt --verbose=1
/usr/bin/cc CMakeFiles/cmTC_084e9.dir/SIZEOF_LONG_DOUBLE.c.o -o cmTC_084e9 
gmake[1]: Leaving directory '/home/yuhangdai/OpenModelica/OMEdit/CMakeFiles/CMakeTmp'



Determining if the function sqrt exists in the m passed with the following output:
Change Dir: /home/yuhangdai/OpenModelica/OMEdit/CMakeFiles/CMakeTmp

Run Build Command(s):/usr/bin/gmake -f Makefile cmTC_12e42/fast && /usr/bin/gmake  -f CMakeFiles/cmTC_12e42.dir/build.make CMakeFiles/cmTC_12e42.dir/build
gmake[1]: Entering directory '/home/yuhangdai/OpenModelica/OMEdit/CMakeFiles/CMakeTmp'
Building C object CMakeFiles/cmTC_12e42.dir/CheckFunctionExists.c.o
/usr/bin/cc   -DCHECK_FUNCTION_EXISTS=sqrt -fPIE -o CMakeFiles/cmTC_12e42.dir/CheckFunctionExists.c.o -c /usr/share/cmake-3.22/Modules/CheckFunctionExists.c
<command-line>: warning: conflicting types for built-in function ‘sqrt’; expected ‘double(double)’ [-Wbuiltin-declaration-mismatch]
/usr/share/cmake-3.22/Modules/CheckFunctionExists.c:7:3: note: in expansion of macro ‘CHECK_FUNCTION_EXISTS’
    7 |   CHECK_FUNCTION_EXISTS(void);
      |   ^~~~~~~~~~~~~~~~~~~~~
/usr/share/cmake-3.22/Modules/CheckFunctionExists.c:1:1: note: ‘sqrt’ is declared in header ‘<math.h>’
  +++ |+#include <math.h>
    1 | #ifdef CHECK_FUNCTION_EXISTS
Linking C executable cmTC_12e42
/usr/bin/cmake -E cmake_link_script CMakeFiles/cmTC_12e42.dir/link.txt --verbose=1
/usr/bin/cc  -DCHECK_FUNCTION_EXISTS=sqrt CMakeFiles/cmTC_12e42.dir/CheckFunctionExists.c.o -o cmTC_12e42  -lm 
gmake[1]: Leaving directory '/home/yuhangdai/OpenModelica/OMEdit/CMakeFiles/CMakeTmp'



Performing C SOURCE FILE Test SUPPORT_VISIBILITY succeeded with the following output:
Change Dir: /home/yuhangdai/OpenModelica/OMEdit/CMakeFiles/CMakeTmp

Run Build Command(s):/usr/bin/gmake -f Makefile cmTC_feaab/fast && /usr/bin/gmake  -f CMakeFiles/cmTC_feaab.dir/build.make CMakeFiles/cmTC_feaab.dir/build
gmake[1]: Entering directory '/home/yuhangdai/OpenModelica/OMEdit/CMakeFiles/CMakeTmp'
Building C object CMakeFiles/cmTC_feaab.dir/src.c.o
/usr/bin/cc -DSUPPORT_VISIBILITY  -std=c89 -pedantic -Wall -Wno-unused-function  -fPIE   -fvisibility=hidden -o CMakeFiles/cmTC_feaab.dir/src.c.o -c /home/yuhangdai/OpenModelica/OMEdit/CMakeFiles/CMakeTmp/src.c
Linking C executable cmTC_feaab
/usr/bin/cmake -E cmake_link_script CMakeFiles/cmTC_feaab.dir/link.txt --verbose=1
/usr/bin/cc  -std=c89 -pedantic -Wall -Wno-unused-function  CMakeFiles/cmTC_feaab.dir/src.c.o -o cmTC_feaab 
gmake[1]: Leaving directory '/home/yuhangdai/OpenModelica/OMEdit/CMakeFiles/CMakeTmp'


Source file was:
int main(void) { return 0; }
Determining if the __va_copy exist passed with the following output:
Change Dir: /home/yuhangdai/OpenModelica/OMEdit/CMakeFiles/CMakeTmp

Run Build Command(s):/usr/bin/gmake -f Makefile cmTC_2ab5c/fast && /usr/bin/gmake  -f CMakeFiles/cmTC_2ab5c.dir/build.make CMakeFiles/cmTC_2ab5c.dir/build
gmake[1]: Entering directory '/home/yuhangdai/OpenModelica/OMEdit/CMakeFiles/CMakeTmp'
Building C object CMakeFiles/cmTC_2ab5c.dir/CheckSymbolExists.c.o
/usr/bin/cc   -std=c89 -pedantic -Wall -Wno-unused-function -fvisibility=hidden -fPIC  -fPIE -o CMakeFiles/cmTC_2ab5c.dir/CheckSymbolExists.c.o -c /home/yuhangdai/OpenModelica/OMEdit/CMakeFiles/CMakeTmp/CheckSymbolExists.c
Linking C executable cmTC_2ab5c
/usr/bin/cmake -E cmake_link_script CMakeFiles/cmTC_2ab5c.dir/link.txt --verbose=1
/usr/bin/cc  -std=c89 -pedantic -Wall -Wno-unused-function -fvisibility=hidden -fPIC  CMakeFiles/cmTC_2ab5c.dir/CheckSymbolExists.c.o -o cmTC_2ab5c 
gmake[1]: Leaving directory '/home/yuhangdai/OpenModelica/OMEdit/CMakeFiles/CMakeTmp'


File /home/yuhangdai/OpenModelica/OMEdit/CMakeFiles/CMakeTmp/CheckSymbolExists.c:
/* */
#include <stdarg.h>

int main(int argc, char** argv)
{
  (void)argv;
#ifndef __va_copy
  return ((int*)(&__va_copy))[argc];
#else
  (void)argc;
  return 0;
#endif
}
Determining if the function vsnprintf exists passed with the following output:
Change Dir: /home/yuhangdai/OpenModelica/OMEdit/CMakeFiles/CMakeTmp

Run Build Command(s):/usr/bin/gmake -f Makefile cmTC_85ccd/fast && /usr/bin/gmake  -f CMakeFiles/cmTC_85ccd.dir/build.make CMakeFiles/cmTC_85ccd.dir/build
gmake[1]: Entering directory '/home/yuhangdai/OpenModelica/OMEdit/CMakeFiles/CMakeTmp'
Building C object CMakeFiles/cmTC_85ccd.dir/CheckFunctionExists.c.o
/usr/bin/cc   -std=c89 -pedantic -Wall -Wno-unused-function -fvisibility=hidden -fPIC -DCHECK_FUNCTION_EXISTS=vsnprintf -fPIE -o CMakeFiles/cmTC_85ccd.dir/CheckFunctionExists.c.o -c /usr/share/cmake-3.22/Modules/CheckFunctionExists.c
Linking C executable cmTC_85ccd
/usr/bin/cmake -E cmake_link_script CMakeFiles/cmTC_85ccd.dir/link.txt --verbose=1
/usr/bin/cc  -std=c89 -pedantic -Wall -Wno-unused-function -fvisibility=hidden -fPIC -DCHECK_FUNCTION_EXISTS=vsnprintf CMakeFiles/cmTC_85ccd.dir/CheckFunctionExists.c.o -o cmTC_85ccd 
gmake[1]: Leaving directory '/home/yuhangdai/OpenModelica/OMEdit/CMakeFiles/CMakeTmp'



Determining if files locale.h exist passed with the following output:
Change Dir: /home/yuhangdai/OpenModelica/OMEdit/CMakeFiles/CMakeTmp

Run Build Command(s):/usr/bin/gmake -f Makefile cmTC_ae15f/fast && /usr/bin/gmake  -f CMakeFiles/cmTC_ae15f.dir/build.make CMakeFiles/cmTC_ae15f.dir/build
gmake[1]: Entering directory '/home/yuhangdai/OpenModelica/OMEdit/CMakeFiles/CMakeTmp'
Building C object CMakeFiles/cmTC_ae15f.dir/HAVE_LOCALE_H.c.o
/usr/bin/cc   -std=c89 -pedantic -Wall -Wno-unused-function -fvisibility=hidden -fPIC  -fPIE -o CMakeFiles/cmTC_ae15f.dir/HAVE_LOCALE_H.c.o -c /home/yuhangdai/OpenModelica/OMEdit/CMakeFiles/CheckIncludeFiles/HAVE_LOCALE_H.c
Linking C executable cmTC_ae15f
/usr/bin/cmake -E cmake_link_script CMakeFiles/cmTC_ae15f.dir/link.txt --verbose=1
/usr/bin/cc  -std=c89 -pedantic -Wall -Wno-unused-function -fvisibility=hidden -fPIC  CMakeFiles/cmTC_ae15f.dir/HAVE_LOCALE_H.c.o -o cmTC_ae15f 
gmake[1]: Leaving directory '/home/yuhangdai/OpenModelica/OMEdit/CMakeFiles/CMakeTmp'



Determining if the function snprintf exists passed with the following output:
Change Dir: /home/yuhangdai/OpenModelica/OMEdit/CMakeFiles/CMakeTmp

Run Build Command(s):/usr/bin/gmake -f Makefile cmTC_1731a/fast && /usr/bin/gmake  -f CMakeFiles/cmTC_1731a.dir/build.make CMakeFiles/cmTC_1731a.dir/build
gmake[1]: Entering directory '/home/yuhangdai/OpenModelica/OMEdit/CMakeFiles/CMakeTmp'
Building C object CMakeFiles/cmTC_1731a.dir/CheckFunctionExists.c.o
/usr/bin/cc   -std=c89 -pedantic -Wall -Wno-unused-function -fvisibility=hidden -fPIC -DCHECK_FUNCTION_EXISTS=snprintf -fPIE -o CMakeFiles/cmTC_1731a.dir/CheckFunctionExists.c.o -c /usr/share/cmake-3.22/Modules/CheckFunctionExists.c
Linking C executable cmTC_1731a
/usr/bin/cmake -E cmake_link_script CMakeFiles/cmTC_1731a.dir/link.txt --verbose=1
/usr/bin/cc  -std=c89 -pedantic -Wall -Wno-unused-function -fvisibility=hidden -fPIC -DCHECK_FUNCTION_EXISTS=snprintf CMakeFiles/cmTC_1731a.dir/CheckFunctionExists.c.o -o cmTC_1731a 
gmake[1]: Leaving directory '/home/yuhangdai/OpenModelica/OMEdit/CMakeFiles/CMakeTmp'



Determining if the function vasprintf exists passed with the following output:
Change Dir: /home/yuhangdai/OpenModelica/OMEdit/CMakeFiles/CMakeTmp

Run Build Command(s):/usr/bin/gmake -f Makefile cmTC_09420/fast && /usr/bin/gmake  -f CMakeFiles/cmTC_09420.dir/build.make CMakeFiles/cmTC_09420.dir/build
gmake[1]: Entering directory '/home/yuhangdai/OpenModelica/OMEdit/CMakeFiles/CMakeTmp'
Building C object CMakeFiles/cmTC_09420.dir/CheckFunctionExists.c.o
/usr/bin/cc   -std=c89 -pedantic -Wall -Wno-unused-function -fvisibility=hidden -fPIC -DCHECK_FUNCTION_EXISTS=vasprintf -fPIE -o CMakeFiles/cmTC_09420.dir/CheckFunctionExists.c.o -c /usr/share/cmake-3.22/Modules/CheckFunctionExists.c
Linking C executable cmTC_09420
/usr/bin/cmake -E cmake_link_script CMakeFiles/cmTC_09420.dir/link.txt --verbose=1
/usr/bin/cc  -std=c89 -pedantic -Wall -Wno-unused-function -fvisibility=hidden -fPIC -DCHECK_FUNCTION_EXISTS=vasprintf CMakeFiles/cmTC_09420.dir/CheckFunctionExists.c.o -o cmTC_09420 
gmake[1]: Leaving directory '/home/yuhangdai/OpenModelica/OMEdit/CMakeFiles/CMakeTmp'



Determining if the function asprintf exists passed with the following output:
Change Dir: /home/yuhangdai/OpenModelica/OMEdit/CMakeFiles/CMakeTmp

Run Build Command(s):/usr/bin/gmake -f Makefile cmTC_62b95/fast && /usr/bin/gmake  -f CMakeFiles/cmTC_62b95.dir/build.make CMakeFiles/cmTC_62b95.dir/build
gmake[1]: Entering directory '/home/yuhangdai/OpenModelica/OMEdit/CMakeFiles/CMakeTmp'
Building C object CMakeFiles/cmTC_62b95.dir/CheckFunctionExists.c.o
/usr/bin/cc   -std=c89 -pedantic -Wall -Wno-unused-function -fvisibility=hidden -fPIC -DCHECK_FUNCTION_EXISTS=asprintf -fPIE -o CMakeFiles/cmTC_62b95.dir/CheckFunctionExists.c.o -c /usr/share/cmake-3.22/Modules/CheckFunctionExists.c
Linking C executable cmTC_62b95
/usr/bin/cmake -E cmake_link_script CMakeFiles/cmTC_62b95.dir/link.txt --verbose=1
/usr/bin/cc  -std=c89 -pedantic -Wall -Wno-unused-function -fvisibility=hidden -fPIC -DCHECK_FUNCTION_EXISTS=asprintf CMakeFiles/cmTC_62b95.dir/CheckFunctionExists.c.o -o cmTC_62b95 
gmake[1]: Leaving directory '/home/yuhangdai/OpenModelica/OMEdit/CMakeFiles/CMakeTmp'



Determining if the function localeconv exists passed with the following output:
Change Dir: /home/yuhangdai/OpenModelica/OMEdit/CMakeFiles/CMakeTmp

Run Build Command(s):/usr/bin/gmake -f Makefile cmTC_2cab5/fast && /usr/bin/gmake  -f CMakeFiles/cmTC_2cab5.dir/build.make CMakeFiles/cmTC_2cab5.dir/build
gmake[1]: Entering directory '/home/yuhangdai/OpenModelica/OMEdit/CMakeFiles/CMakeTmp'
Building C object CMakeFiles/cmTC_2cab5.dir/CheckFunctionExists.c.o
/usr/bin/cc   -std=c89 -pedantic -Wall -Wno-unused-function -fvisibility=hidden -fPIC -DCHECK_FUNCTION_EXISTS=localeconv -fPIE -o CMakeFiles/cmTC_2cab5.dir/CheckFunctionExists.c.o -c /usr/share/cmake-3.22/Modules/CheckFunctionExists.c
Linking C executable cmTC_2cab5
/usr/bin/cmake -E cmake_link_script CMakeFiles/cmTC_2cab5.dir/link.txt --verbose=1
/usr/bin/cc  -std=c89 -pedantic -Wall -Wno-unused-function -fvisibility=hidden -fPIC -DCHECK_FUNCTION_EXISTS=localeconv CMakeFiles/cmTC_2cab5.dir/CheckFunctionExists.c.o -o cmTC_2cab5 
gmake[1]: Leaving directory '/home/yuhangdai/OpenModelica/OMEdit/CMakeFiles/CMakeTmp'



Determining size of long double passed with the following output:
Change Dir: /home/yuhangdai/OpenModelica/OMEdit/CMakeFiles/CMakeTmp

Run Build Command(s):/usr/bin/gmake -f Makefile cmTC_9ada0/fast && /usr/bin/gmake  -f CMakeFiles/cmTC_9ada0.dir/build.make CMakeFiles/cmTC_9ada0.dir/build
gmake[1]: Entering directory '/home/yuhangdai/OpenModelica/OMEdit/CMakeFiles/CMakeTmp'
Building C object CMakeFiles/cmTC_9ada0.dir/HAVE_LONG_DOUBLE.c.o
/usr/bin/cc   -std=c89 -pedantic -Wall -Wno-unused-function -fvisibility=hidden -fPIC  -fPIE -o CMakeFiles/cmTC_9ada0.dir/HAVE_LONG_DOUBLE.c.o -c /home/yuhangdai/OpenModelica/OMEdit/CMakeFiles/CheckTypeSize/HAVE_LONG_DOUBLE.c
Linking C executable cmTC_9ada0
/usr/bin/cmake -E cmake_link_script CMakeFiles/cmTC_9ada0.dir/link.txt --verbose=1
/usr/bin/cc  -std=c89 -pedantic -Wall -Wno-unused-function -fvisibility=hidden -fPIC  CMakeFiles/cmTC_9ada0.dir/HAVE_LONG_DOUBLE.c.o -o cmTC_9ada0 
gmake[1]: Leaving directory '/home/yuhangdai/OpenModelica/OMEdit/CMakeFiles/CMakeTmp'



Determining size of long long int passed with the following output:
Change Dir: /home/yuhangdai/OpenModelica/OMEdit/CMakeFiles/CMakeTmp

Run Build Command(s):/usr/bin/gmake -f Makefile cmTC_911d3/fast && /usr/bin/gmake  -f CMakeFiles/cmTC_911d3.dir/build.make CMakeFiles/cmTC_911d3.dir/build
gmake[1]: Entering directory '/home/yuhangdai/OpenModelica/OMEdit/CMakeFiles/CMakeTmp'
Building C object CMakeFiles/cmTC_911d3.dir/HAVE_LONG_LONG_INT.c.o
/usr/bin/cc   -std=c89 -pedantic -Wall -Wno-unused-function -fvisibility=hidden -fPIC  -fPIE -o CMakeFiles/cmTC_911d3.dir/HAVE_LONG_LONG_INT.c.o -c /home/yuhangdai/OpenModelica/OMEdit/CMakeFiles/CheckTypeSize/HAVE_LONG_LONG_INT.c
/home/yuhangdai/OpenModelica/OMEdit/CMakeFiles/CheckTypeSize/HAVE_LONG_LONG_INT.c:27:27: warning: ISO C90 does not support ‘long long’ [-Wlong-long]
   27 | #define SIZE (sizeof(long long int))
      |                           ^~~~
/home/yuhangdai/OpenModelica/OMEdit/CMakeFiles/CheckTypeSize/HAVE_LONG_LONG_INT.c:29:12: note: in expansion of macro ‘SIZE’
   29 |   ('0' + ((SIZE / 10000)%10)),
      |            ^~~~
/home/yuhangdai/OpenModelica/OMEdit/CMakeFiles/CheckTypeSize/HAVE_LONG_LONG_INT.c:27:27: warning: ISO C90 does not support ‘long long’ [-Wlong-long]
   27 | #define SIZE (sizeof(long long int))
      |                           ^~~~
/home/yuhangdai/OpenModelica/OMEdit/CMakeFiles/CheckTypeSize/HAVE_LONG_LONG_INT.c:30:12: note: in expansion of macro ‘SIZE’
   30 |   ('0' + ((SIZE / 1000)%10)),
      |            ^~~~
/home/yuhangdai/OpenModelica/OMEdit/CMakeFiles/CheckTypeSize/HAVE_LONG_LONG_INT.c:27:27: warning: ISO C90 does not support ‘long long’ [-Wlong-long]
   27 | #define SIZE (sizeof(long long int))
      |                           ^~~~
/home/yuhangdai/OpenModelica/OMEdit/CMakeFiles/CheckTypeSize/HAVE_LONG_LONG_INT.c:31:12: note: in expansion of macro ‘SIZE’
   31 |   ('0' + ((SIZE / 100)%10)),
      |            ^~~~
/home/yuhangdai/OpenModelica/OMEdit/CMakeFiles/CheckTypeSize/HAVE_LONG_LONG_INT.c:27:27: warning: ISO C90 does not support ‘long long’ [-Wlong-long]
   27 | #define SIZE (sizeof(long long int))
      |                           ^~~~
/home/yuhangdai/OpenModelica/OMEdit/CMakeFiles/CheckTypeSize/HAVE_LONG_LONG_INT.c:32:12: note: in expansion of macro ‘SIZE’
   32 |   ('0' + ((SIZE / 10)%10)),
      |            ^~~~
/home/yuhangdai/OpenModelica/OMEdit/CMakeFiles/CheckTypeSize/HAVE_LONG_LONG_INT.c:27:27: warning: ISO C90 does not support ‘long long’ [-Wlong-long]
   27 | #define SIZE (sizeof(long long int))
      |                           ^~~~
/home/yuhangdai/OpenModelica/OMEdit/CMakeFiles/CheckTypeSize/HAVE_LONG_LONG_INT.c:33:12: note: in expansion of macro ‘SIZE’
   33 |   ('0' +  (SIZE    % 10)),
      |            ^~~~
Linking C executable cmTC_911d3
/usr/bin/cmake -E cmake_link_script CMakeFiles/cmTC_911d3.dir/link.txt --verbose=1
/usr/bin/cc  -std=c89 -pedantic -Wall -Wno-unused-function -fvisibility=hidden -fPIC  CMakeFiles/cmTC_911d3.dir/HAVE_LONG_LONG_INT.c.o -o cmTC_911d3 
gmake[1]: Leaving directory '/home/yuhangdai/OpenModelica/OMEdit/CMakeFiles/CMakeTmp'



Determining size of unsigned long long int passed with the following output:
Change Dir: /home/yuhangdai/OpenModelica/OMEdit/CMakeFiles/CMakeTmp

Run Build Command(s):/usr/bin/gmake -f Makefile cmTC_cb6b3/fast && /usr/bin/gmake  -f CMakeFiles/cmTC_cb6b3.dir/build.make CMakeFiles/cmTC_cb6b3.dir/build
gmake[1]: Entering directory '/home/yuhangdai/OpenModelica/OMEdit/CMakeFiles/CMakeTmp'
Building C object CMakeFiles/cmTC_cb6b3.dir/HAVE_UNSIGNED_LONG_LONG_INT.c.o
/usr/bin/cc   -std=c89 -pedantic -Wall -Wno-unused-function -fvisibility=hidden -fPIC  -fPIE -o CMakeFiles/cmTC_cb6b3.dir/HAVE_UNSIGNED_LONG_LONG_INT.c.o -c /home/yuhangdai/OpenModelica/OMEdit/CMakeFiles/CheckTypeSize/HAVE_UNSIGNED_LONG_LONG_INT.c
/home/yuhangdai/OpenModelica/OMEdit/CMakeFiles/CheckTypeSize/HAVE_UNSIGNED_LONG_LONG_INT.c:27:36: warning: ISO C90 does not support ‘long long’ [-Wlong-long]
   27 | #define SIZE (sizeof(unsigned long long int))
      |                                    ^~~~
/home/yuhangdai/OpenModelica/OMEdit/CMakeFiles/CheckTypeSize/HAVE_UNSIGNED_LONG_LONG_INT.c:29:12: note: in expansion of macro ‘SIZE’
   29 |   ('0' + ((SIZE / 10000)%10)),
      |            ^~~~
/home/yuhangdai/OpenModelica/OMEdit/CMakeFiles/CheckTypeSize/HAVE_UNSIGNED_LONG_LONG_INT.c:27:36: warning: ISO C90 does not support ‘long long’ [-Wlong-long]
   27 | #define SIZE (sizeof(unsigned long long int))
      |                                    ^~~~
/home/yuhangdai/OpenModelica/OMEdit/CMakeFiles/CheckTypeSize/HAVE_UNSIGNED_LONG_LONG_INT.c:30:12: note: in expansion of macro ‘SIZE’
   30 |   ('0' + ((SIZE / 1000)%10)),
      |            ^~~~
/home/yuhangdai/OpenModelica/OMEdit/CMakeFiles/CheckTypeSize/HAVE_UNSIGNED_LONG_LONG_INT.c:27:36: warning: ISO C90 does not support ‘long long’ [-Wlong-long]
   27 | #define SIZE (sizeof(unsigned long long int))
      |                                    ^~~~
/home/yuhangdai/OpenModelica/OMEdit/CMakeFiles/CheckTypeSize/HAVE_UNSIGNED_LONG_LONG_INT.c:31:12: note: in expansion of macro ‘SIZE’
   31 |   ('0' + ((SIZE / 100)%10)),
      |            ^~~~
/home/yuhangdai/OpenModelica/OMEdit/CMakeFiles/CheckTypeSize/HAVE_UNSIGNED_LONG_LONG_INT.c:27:36: warning: ISO C90 does not support ‘long long’ [-Wlong-long]
   27 | #define SIZE (sizeof(unsigned long long int))
      |                                    ^~~~
/home/yuhangdai/OpenModelica/OMEdit/CMakeFiles/CheckTypeSize/HAVE_UNSIGNED_LONG_LONG_INT.c:32:12: note: in expansion of macro ‘SIZE’
   32 |   ('0' + ((SIZE / 10)%10)),
      |            ^~~~
/home/yuhangdai/OpenModelica/OMEdit/CMakeFiles/CheckTypeSize/HAVE_UNSIGNED_LONG_LONG_INT.c:27:36: warning: ISO C90 does not support ‘long long’ [-Wlong-long]
   27 | #define SIZE (sizeof(unsigned long long int))
      |                                    ^~~~
/home/yuhangdai/OpenModelica/OMEdit/CMakeFiles/CheckTypeSize/HAVE_UNSIGNED_LONG_LONG_INT.c:33:12: note: in expansion of macro ‘SIZE’
   33 |   ('0' +  (SIZE    % 10)),
      |            ^~~~
Linking C executable cmTC_cb6b3
/usr/bin/cmake -E cmake_link_script CMakeFiles/cmTC_cb6b3.dir/link.txt --verbose=1
/usr/bin/cc  -std=c89 -pedantic -Wall -Wno-unused-function -fvisibility=hidden -fPIC  CMakeFiles/cmTC_cb6b3.dir/HAVE_UNSIGNED_LONG_LONG_INT.c.o -o cmTC_cb6b3 
gmake[1]: Leaving directory '/home/yuhangdai/OpenModelica/OMEdit/CMakeFiles/CMakeTmp'



Determining size of struct lconv passed with the following output:
Change Dir: /home/yuhangdai/OpenModelica/OMEdit/CMakeFiles/CMakeTmp

Run Build Command(s):/usr/bin/gmake -f Makefile cmTC_8193a/fast && /usr/bin/gmake  -f CMakeFiles/cmTC_8193a.dir/build.make CMakeFiles/cmTC_8193a.dir/build
gmake[1]: Entering directory '/home/yuhangdai/OpenModelica/OMEdit/CMakeFiles/CMakeTmp'
Building C object CMakeFiles/cmTC_8193a.dir/LCONV.c.o
/usr/bin/cc   -std=c89 -pedantic -Wall -Wno-unused-function -fvisibility=hidden -fPIC  -fPIE -o CMakeFiles/cmTC_8193a.dir/LCONV.c.o -c /home/yuhangdai/OpenModelica/OMEdit/CMakeFiles/CheckTypeSize/LCONV.c
Linking C executable cmTC_8193a
/usr/bin/cmake -E cmake_link_script CMakeFiles/cmTC_8193a.dir/link.txt --verbose=1
/usr/bin/cc  -std=c89 -pedantic -Wall -Wno-unused-function -fvisibility=hidden -fPIC  CMakeFiles/cmTC_8193a.dir/LCONV.c.o -o cmTC_8193a 
gmake[1]: Leaving directory '/home/yuhangdai/OpenModelica/OMEdit/CMakeFiles/CMakeTmp'



Performing C SOURCE FILE Test HAVE_LCONV_DECIMAL_POINT succeeded with the following output:
Change Dir: /home/yuhangdai/OpenModelica/OMEdit/CMakeFiles/CMakeTmp

Run Build Command(s):/usr/bin/gmake -f Makefile cmTC_2a634/fast && /usr/bin/gmake  -f CMakeFiles/cmTC_2a634.dir/build.make CMakeFiles/cmTC_2a634.dir/build
gmake[1]: Entering directory '/home/yuhangdai/OpenModelica/OMEdit/CMakeFiles/CMakeTmp'
Building C object CMakeFiles/cmTC_2a634.dir/src.c.o
/usr/bin/cc -DHAVE_LCONV_DECIMAL_POINT  -std=c89 -pedantic -Wall -Wno-unused-function -fvisibility=hidden -fPIC  -fPIE -o CMakeFiles/cmTC_2a634.dir/src.c.o -c /home/yuhangdai/OpenModelica/OMEdit/CMakeFiles/CMakeTmp/src.c
Linking C executable cmTC_2a634
/usr/bin/cmake -E cmake_link_script CMakeFiles/cmTC_2a634.dir/link.txt --verbose=1
/usr/bin/cc  -std=c89 -pedantic -Wall -Wno-unused-function -fvisibility=hidden -fPIC  CMakeFiles/cmTC_2a634.dir/src.c.o -o cmTC_2a634 
gmake[1]: Leaving directory '/home/yuhangdai/OpenModelica/OMEdit/CMakeFiles/CMakeTmp'


Source file was:

#include <locale.h>

int main()
{
  (void)sizeof(((struct lconv *)0)->decimal_point);
  return 0;
}

Performing C SOURCE FILE Test HAVE_LCONV_THOUSANDS_SEP succeeded with the following output:
Change Dir: /home/yuhangdai/OpenModelica/OMEdit/CMakeFiles/CMakeTmp

Run Build Command(s):/usr/bin/gmake -f Makefile cmTC_9dde1/fast && /usr/bin/gmake  -f CMakeFiles/cmTC_9dde1.dir/build.make CMakeFiles/cmTC_9dde1.dir/build
gmake[1]: Entering directory '/home/yuhangdai/OpenModelica/OMEdit/CMakeFiles/CMakeTmp'
Building C object CMakeFiles/cmTC_9dde1.dir/src.c.o
/usr/bin/cc -DHAVE_LCONV_THOUSANDS_SEP  -std=c89 -pedantic -Wall -Wno-unused-function -fvisibility=hidden -fPIC  -fPIE -o CMakeFiles/cmTC_9dde1.dir/src.c.o -c /home/yuhangdai/OpenModelica/OMEdit/CMakeFiles/CMakeTmp/src.c
Linking C executable cmTC_9dde1
/usr/bin/cmake -E cmake_link_script CMakeFiles/cmTC_9dde1.dir/link.txt --verbose=1
/usr/bin/cc  -std=c89 -pedantic -Wall -Wno-unused-function -fvisibility=hidden -fPIC  CMakeFiles/cmTC_9dde1.dir/src.c.o -o cmTC_9dde1 
gmake[1]: Leaving directory '/home/yuhangdai/OpenModelica/OMEdit/CMakeFiles/CMakeTmp'


Source file was:

#include <locale.h>

int main()
{
  (void)sizeof(((struct lconv *)0)->thousands_sep);
  return 0;
}

Determining size of intmax_t passed with the following output:
Change Dir: /home/yuhangdai/OpenModelica/OMEdit/CMakeFiles/CMakeTmp

Run Build Command(s):/usr/bin/gmake -f Makefile cmTC_f41a7/fast && /usr/bin/gmake  -f CMakeFiles/cmTC_f41a7.dir/build.make CMakeFiles/cmTC_f41a7.dir/build
gmake[1]: Entering directory '/home/yuhangdai/OpenModelica/OMEdit/CMakeFiles/CMakeTmp'
Building C object CMakeFiles/cmTC_f41a7.dir/HAVE_INTMAX_T.c.o
/usr/bin/cc   -std=c89 -pedantic -Wall -Wno-unused-function -fvisibility=hidden -fPIC  -fPIE -o CMakeFiles/cmTC_f41a7.dir/HAVE_INTMAX_T.c.o -c /home/yuhangdai/OpenModelica/OMEdit/CMakeFiles/CheckTypeSize/HAVE_INTMAX_T.c
Linking C executable cmTC_f41a7
/usr/bin/cmake -E cmake_link_script CMakeFiles/cmTC_f41a7.dir/link.txt --verbose=1
/usr/bin/cc  -std=c89 -pedantic -Wall -Wno-unused-function -fvisibility=hidden -fPIC  CMakeFiles/cmTC_f41a7.dir/HAVE_INTMAX_T.c.o -o cmTC_f41a7 
gmake[1]: Leaving directory '/home/yuhangdai/OpenModelica/OMEdit/CMakeFiles/CMakeTmp'



Determining size of uintmax_t passed with the following output:
Change Dir: /home/yuhangdai/OpenModelica/OMEdit/CMakeFiles/CMakeTmp

Run Build Command(s):/usr/bin/gmake -f Makefile cmTC_09651/fast && /usr/bin/gmake  -f CMakeFiles/cmTC_09651.dir/build.make CMakeFiles/cmTC_09651.dir/build
gmake[1]: Entering directory '/home/yuhangdai/OpenModelica/OMEdit/CMakeFiles/CMakeTmp'
Building C object CMakeFiles/cmTC_09651.dir/HAVE_UINTMAX_T.c.o
/usr/bin/cc   -std=c89 -pedantic -Wall -Wno-unused-function -fvisibility=hidden -fPIC  -fPIE -o CMakeFiles/cmTC_09651.dir/HAVE_UINTMAX_T.c.o -c /home/yuhangdai/OpenModelica/OMEdit/CMakeFiles/CheckTypeSize/HAVE_UINTMAX_T.c
Linking C executable cmTC_09651
/usr/bin/cmake -E cmake_link_script CMakeFiles/cmTC_09651.dir/link.txt --verbose=1
/usr/bin/cc  -std=c89 -pedantic -Wall -Wno-unused-function -fvisibility=hidden -fPIC  CMakeFiles/cmTC_09651.dir/HAVE_UINTMAX_T.c.o -o cmTC_09651 
gmake[1]: Leaving directory '/home/yuhangdai/OpenModelica/OMEdit/CMakeFiles/CMakeTmp'



Determining size of uintptr_t passed with the following output:
Change Dir: /home/yuhangdai/OpenModelica/OMEdit/CMakeFiles/CMakeTmp

Run Build Command(s):/usr/bin/gmake -f Makefile cmTC_b3d72/fast && /usr/bin/gmake  -f CMakeFiles/cmTC_b3d72.dir/build.make CMakeFiles/cmTC_b3d72.dir/build
gmake[1]: Entering directory '/home/yuhangdai/OpenModelica/OMEdit/CMakeFiles/CMakeTmp'
Building C object CMakeFiles/cmTC_b3d72.dir/HAVE_UINTPTR_T.c.o
/usr/bin/cc   -std=c89 -pedantic -Wall -Wno-unused-function -fvisibility=hidden -fPIC  -fPIE -o CMakeFiles/cmTC_b3d72.dir/HAVE_UINTPTR_T.c.o -c /home/yuhangdai/OpenModelica/OMEdit/CMakeFiles/CheckTypeSize/HAVE_UINTPTR_T.c
Linking C executable cmTC_b3d72
/usr/bin/cmake -E cmake_link_script CMakeFiles/cmTC_b3d72.dir/link.txt --verbose=1
/usr/bin/cc  -std=c89 -pedantic -Wall -Wno-unused-function -fvisibility=hidden -fPIC  CMakeFiles/cmTC_b3d72.dir/HAVE_UINTPTR_T.c.o -o cmTC_b3d72 
gmake[1]: Leaving directory '/home/yuhangdai/OpenModelica/OMEdit/CMakeFiles/CMakeTmp'



Determining size of ptrdiff_t passed with the following output:
Change Dir: /home/yuhangdai/OpenModelica/OMEdit/CMakeFiles/CMakeTmp

Run Build Command(s):/usr/bin/gmake -f Makefile cmTC_b042b/fast && /usr/bin/gmake  -f CMakeFiles/cmTC_b042b.dir/build.make CMakeFiles/cmTC_b042b.dir/build
gmake[1]: Entering directory '/home/yuhangdai/OpenModelica/OMEdit/CMakeFiles/CMakeTmp'
Building C object CMakeFiles/cmTC_b042b.dir/HAVE_PTRDIFF_T.c.o
/usr/bin/cc   -std=c89 -pedantic -Wall -Wno-unused-function -fvisibility=hidden -fPIC  -fPIE -o CMakeFiles/cmTC_b042b.dir/HAVE_PTRDIFF_T.c.o -c /home/yuhangdai/OpenModelica/OMEdit/CMakeFiles/CheckTypeSize/HAVE_PTRDIFF_T.c
Linking C executable cmTC_b042b
/usr/bin/cmake -E cmake_link_script CMakeFiles/cmTC_b042b.dir/link.txt --verbose=1
/usr/bin/cc  -std=c89 -pedantic -Wall -Wno-unused-function -fvisibility=hidden -fPIC  CMakeFiles/cmTC_b042b.dir/HAVE_PTRDIFF_T.c.o -o cmTC_b042b 
gmake[1]: Leaving directory '/home/yuhangdai/OpenModelica/OMEdit/CMakeFiles/CMakeTmp'



Determining if the include file fcntl.h exists passed with the following output:
Change Dir: /home/yuhangdai/OpenModelica/OMEdit/CMakeFiles/CMakeTmp

Run Build Command(s):/usr/bin/gmake -f Makefile cmTC_3cf37/fast && /usr/bin/gmake  -f CMakeFiles/cmTC_3cf37.dir/build.make CMakeFiles/cmTC_3cf37.dir/build
gmake[1]: Entering directory '/home/yuhangdai/OpenModelica/OMEdit/CMakeFiles/CMakeTmp'
Building C object CMakeFiles/cmTC_3cf37.dir/CheckIncludeFile.c.o
/usr/bin/cc   -std=c89 -pedantic -Wall -Wno-unused-function -fvisibility=hidden -fPIC -DXML_STATIC -DFMI_XML_QUERY  -fPIE -o CMakeFiles/cmTC_3cf37.dir/CheckIncludeFile.c.o -c /home/yuhangdai/OpenModelica/OMEdit/CMakeFiles/CMakeTmp/CheckIncludeFile.c
Linking C executable cmTC_3cf37
/usr/bin/cmake -E cmake_link_script CMakeFiles/cmTC_3cf37.dir/link.txt --verbose=1
/usr/bin/cc  -std=c89 -pedantic -Wall -Wno-unused-function -fvisibility=hidden -fPIC -DXML_STATIC -DFMI_XML_QUERY  CMakeFiles/cmTC_3cf37.dir/CheckIncludeFile.c.o -o cmTC_3cf37 
gmake[1]: Leaving directory '/home/yuhangdai/OpenModelica/OMEdit/CMakeFiles/CMakeTmp'



Determining if the function getpagesize exists passed with the following output:
Change Dir: /home/yuhangdai/OpenModelica/OMEdit/CMakeFiles/CMakeTmp

Run Build Command(s):/usr/bin/gmake -f Makefile cmTC_a267e/fast && /usr/bin/gmake  -f CMakeFiles/cmTC_a267e.dir/build.make CMakeFiles/cmTC_a267e.dir/build
gmake[1]: Entering directory '/home/yuhangdai/OpenModelica/OMEdit/CMakeFiles/CMakeTmp'
Building C object CMakeFiles/cmTC_a267e.dir/CheckFunctionExists.c.o
/usr/bin/cc   -std=c89 -pedantic -Wall -Wno-unused-function -fvisibility=hidden -fPIC -DXML_STATIC -DFMI_XML_QUERY -DCHECK_FUNCTION_EXISTS=getpagesize -fPIE -o CMakeFiles/cmTC_a267e.dir/CheckFunctionExists.c.o -c /usr/share/cmake-3.22/Modules/CheckFunctionExists.c
Linking C executable cmTC_a267e
/usr/bin/cmake -E cmake_link_script CMakeFiles/cmTC_a267e.dir/link.txt --verbose=1
/usr/bin/cc  -std=c89 -pedantic -Wall -Wno-unused-function -fvisibility=hidden -fPIC -DXML_STATIC -DFMI_XML_QUERY -DCHECK_FUNCTION_EXISTS=getpagesize CMakeFiles/cmTC_a267e.dir/CheckFunctionExists.c.o -o cmTC_a267e 
gmake[1]: Leaving directory '/home/yuhangdai/OpenModelica/OMEdit/CMakeFiles/CMakeTmp'



Determining if the function bcopy exists passed with the following output:
Change Dir: /home/yuhangdai/OpenModelica/OMEdit/CMakeFiles/CMakeTmp

Run Build Command(s):/usr/bin/gmake -f Makefile cmTC_1d7fd/fast && /usr/bin/gmake  -f CMakeFiles/cmTC_1d7fd.dir/build.make CMakeFiles/cmTC_1d7fd.dir/build
gmake[1]: Entering directory '/home/yuhangdai/OpenModelica/OMEdit/CMakeFiles/CMakeTmp'
Building C object CMakeFiles/cmTC_1d7fd.dir/CheckFunctionExists.c.o
/usr/bin/cc   -std=c89 -pedantic -Wall -Wno-unused-function -fvisibility=hidden -fPIC -DXML_STATIC -DFMI_XML_QUERY -DCHECK_FUNCTION_EXISTS=bcopy -fPIE -o CMakeFiles/cmTC_1d7fd.dir/CheckFunctionExists.c.o -c /usr/share/cmake-3.22/Modules/CheckFunctionExists.c
Linking C executable cmTC_1d7fd
/usr/bin/cmake -E cmake_link_script CMakeFiles/cmTC_1d7fd.dir/link.txt --verbose=1
/usr/bin/cc  -std=c89 -pedantic -Wall -Wno-unused-function -fvisibility=hidden -fPIC -DXML_STATIC -DFMI_XML_QUERY -DCHECK_FUNCTION_EXISTS=bcopy CMakeFiles/cmTC_1d7fd.dir/CheckFunctionExists.c.o -o cmTC_1d7fd 
gmake[1]: Leaving directory '/home/yuhangdai/OpenModelica/OMEdit/CMakeFiles/CMakeTmp'



Determining if the function mmap exists passed with the following output:
Change Dir: /home/yuhangdai/OpenModelica/OMEdit/CMakeFiles/CMakeTmp

Run Build Command(s):/usr/bin/gmake -f Makefile cmTC_e398e/fast && /usr/bin/gmake  -f CMakeFiles/cmTC_e398e.dir/build.make CMakeFiles/cmTC_e398e.dir/build
gmake[1]: Entering directory '/home/yuhangdai/OpenModelica/OMEdit/CMakeFiles/CMakeTmp'
Building C object CMakeFiles/cmTC_e398e.dir/CheckFunctionExists.c.o
/usr/bin/cc   -std=c89 -pedantic -Wall -Wno-unused-function -fvisibility=hidden -fPIC -DXML_STATIC -DFMI_XML_QUERY -DCHECK_FUNCTION_EXISTS=mmap -fPIE -o CMakeFiles/cmTC_e398e.dir/CheckFunctionExists.c.o -c /usr/share/cmake-3.22/Modules/CheckFunctionExists.c
Linking C executable cmTC_e398e
/usr/bin/cmake -E cmake_link_script CMakeFiles/cmTC_e398e.dir/link.txt --verbose=1
/usr/bin/cc  -std=c89 -pedantic -Wall -Wno-unused-function -fvisibility=hidden -fPIC -DXML_STATIC -DFMI_XML_QUERY -DCHECK_FUNCTION_EXISTS=mmap CMakeFiles/cmTC_e398e.dir/CheckFunctionExists.c.o -o cmTC_e398e 
gmake[1]: Leaving directory '/home/yuhangdai/OpenModelica/OMEdit/CMakeFiles/CMakeTmp'



Performing C SOURCE FILE Test HAVE_FLAG_WERROR succeeded with the following output:
Change Dir: /home/yuhangdai/OpenModelica/OMEdit/CMakeFiles/CMakeTmp

Run Build Command(s):/usr/bin/gmake -f Makefile cmTC_6b546/fast && /usr/bin/gmake  -f CMakeFiles/cmTC_6b546.dir/build.make CMakeFiles/cmTC_6b546.dir/build
gmake[1]: Entering directory '/home/yuhangdai/OpenModelica/OMEdit/CMakeFiles/CMakeTmp'
Building C object CMakeFiles/cmTC_6b546.dir/src.c.o
/usr/bin/cc -DHAVE_FLAG_WERROR  -fPIE   -Werror -o CMakeFiles/cmTC_6b546.dir/src.c.o -c /home/yuhangdai/OpenModelica/OMEdit/CMakeFiles/CMakeTmp/src.c
Linking C executable cmTC_6b546
/usr/bin/cmake -E cmake_link_script CMakeFiles/cmTC_6b546.dir/link.txt --verbose=1
/usr/bin/cc CMakeFiles/cmTC_6b546.dir/src.c.o -o cmTC_6b546 
gmake[1]: Leaving directory '/home/yuhangdai/OpenModelica/OMEdit/CMakeFiles/CMakeTmp'


Source file was:
int main(void) { return 0; }
Performing C SOURCE FILE Test HAVE_FLAG_F_VISIBILITY_HIDDEN succeeded with the following output:
Change Dir: /home/yuhangdai/OpenModelica/OMEdit/CMakeFiles/CMakeTmp

Run Build Command(s):/usr/bin/gmake -f Makefile cmTC_cdafd/fast && /usr/bin/gmake  -f CMakeFiles/cmTC_cdafd.dir/build.make CMakeFiles/cmTC_cdafd.dir/build
gmake[1]: Entering directory '/home/yuhangdai/OpenModelica/OMEdit/CMakeFiles/CMakeTmp'
Building C object CMakeFiles/cmTC_cdafd.dir/src.c.o
/usr/bin/cc -DHAVE_FLAG_F_VISIBILITY_HIDDEN  -Werror -fPIE   -fvisibility=hidden -o CMakeFiles/cmTC_cdafd.dir/src.c.o -c /home/yuhangdai/OpenModelica/OMEdit/CMakeFiles/CMakeTmp/src.c
Linking C executable cmTC_cdafd
/usr/bin/cmake -E cmake_link_script CMakeFiles/cmTC_cdafd.dir/link.txt --verbose=1
/usr/bin/cc  -Werror CMakeFiles/cmTC_cdafd.dir/src.c.o -o cmTC_cdafd 
gmake[1]: Leaving directory '/home/yuhangdai/OpenModelica/OMEdit/CMakeFiles/CMakeTmp'


Source file was:
int main(void) { return 0; }
Performing C SOURCE FILE Test HAVE_FLAG_F_NO_STRICT_ALIASING succeeded with the following output:
Change Dir: /home/yuhangdai/OpenModelica/OMEdit/CMakeFiles/CMakeTmp

Run Build Command(s):/usr/bin/gmake -f Makefile cmTC_b581c/fast && /usr/bin/gmake  -f CMakeFiles/cmTC_b581c.dir/build.make CMakeFiles/cmTC_b581c.dir/build
gmake[1]: Entering directory '/home/yuhangdai/OpenModelica/OMEdit/CMakeFiles/CMakeTmp'
Building C object CMakeFiles/cmTC_b581c.dir/src.c.o
/usr/bin/cc -DHAVE_FLAG_F_NO_STRICT_ALIASING  -Werror -fPIE   -fno-strict-aliasing -o CMakeFiles/cmTC_b581c.dir/src.c.o -c /home/yuhangdai/OpenModelica/OMEdit/CMakeFiles/CMakeTmp/src.c
Linking C executable cmTC_b581c
/usr/bin/cmake -E cmake_link_script CMakeFiles/cmTC_b581c.dir/link.txt --verbose=1
/usr/bin/cc  -Werror CMakeFiles/cmTC_b581c.dir/src.c.o -o cmTC_b581c 
gmake[1]: Leaving directory '/home/yuhangdai/OpenModelica/OMEdit/CMakeFiles/CMakeTmp'


Source file was:
int main(void) { return 0; }
Determining if the include file execinfo.h exists passed with the following output:
Change Dir: /home/yuhangdai/OpenModelica/OMEdit/CMakeFiles/CMakeTmp

Run Build Command(s):/usr/bin/gmake -f Makefile cmTC_2d387/fast && /usr/bin/gmake  -f CMakeFiles/cmTC_2d387.dir/build.make CMakeFiles/cmTC_2d387.dir/build
gmake[1]: Entering directory '/home/yuhangdai/OpenModelica/OMEdit/CMakeFiles/CMakeTmp'
Building C object CMakeFiles/cmTC_2d387.dir/CheckIncludeFile.c.o
/usr/bin/cc   -Werror -fPIE -o CMakeFiles/cmTC_2d387.dir/CheckIncludeFile.c.o -c /home/yuhangdai/OpenModelica/OMEdit/CMakeFiles/CMakeTmp/CheckIncludeFile.c
Linking C executable cmTC_2d387
/usr/bin/cmake -E cmake_link_script CMakeFiles/cmTC_2d387.dir/link.txt --verbose=1
/usr/bin/cc  -Werror CMakeFiles/cmTC_2d387.dir/CheckIncludeFile.c.o -o cmTC_2d387 
gmake[1]: Leaving directory '/home/yuhangdai/OpenModelica/OMEdit/CMakeFiles/CMakeTmp'



Determining if the function getcontext exists passed with the following output:
Change Dir: /home/yuhangdai/OpenModelica/OMEdit/CMakeFiles/CMakeTmp

Run Build Command(s):/usr/bin/gmake -f Makefile cmTC_91e0a/fast && /usr/bin/gmake  -f CMakeFiles/cmTC_91e0a.dir/build.make CMakeFiles/cmTC_91e0a.dir/build
gmake[1]: Entering directory '/home/yuhangdai/OpenModelica/OMEdit/CMakeFiles/CMakeTmp'
Building C object CMakeFiles/cmTC_91e0a.dir/CheckFunctionExists.c.o
/usr/bin/cc   -DCHECK_FUNCTION_EXISTS=getcontext -Werror -fPIE -o CMakeFiles/cmTC_91e0a.dir/CheckFunctionExists.c.o -c /usr/share/cmake-3.22/Modules/CheckFunctionExists.c
Linking C executable cmTC_91e0a
/usr/bin/cmake -E cmake_link_script CMakeFiles/cmTC_91e0a.dir/link.txt --verbose=1
/usr/bin/cc  -DCHECK_FUNCTION_EXISTS=getcontext -Werror CMakeFiles/cmTC_91e0a.dir/CheckFunctionExists.c.o -o cmTC_91e0a 
gmake[1]: Leaving directory '/home/yuhangdai/OpenModelica/OMEdit/CMakeFiles/CMakeTmp'



Determining if the function dl_iterate_phdr exists passed with the following output:
Change Dir: /home/yuhangdai/OpenModelica/OMEdit/CMakeFiles/CMakeTmp

Run Build Command(s):/usr/bin/gmake -f Makefile cmTC_8d842/fast && /usr/bin/gmake  -f CMakeFiles/cmTC_8d842.dir/build.make CMakeFiles/cmTC_8d842.dir/build
gmake[1]: Entering directory '/home/yuhangdai/OpenModelica/OMEdit/CMakeFiles/CMakeTmp'
Building C object CMakeFiles/cmTC_8d842.dir/CheckFunctionExists.c.o
/usr/bin/cc   -DCHECK_FUNCTION_EXISTS=dl_iterate_phdr -Werror -fPIE -o CMakeFiles/cmTC_8d842.dir/CheckFunctionExists.c.o -c /usr/share/cmake-3.22/Modules/CheckFunctionExists.c
Linking C executable cmTC_8d842
/usr/bin/cmake -E cmake_link_script CMakeFiles/cmTC_8d842.dir/link.txt --verbose=1
/usr/bin/cc  -DCHECK_FUNCTION_EXISTS=dl_iterate_phdr -Werror CMakeFiles/cmTC_8d842.dir/CheckFunctionExists.c.o -o cmTC_8d842 
gmake[1]: Leaving directory '/home/yuhangdai/OpenModelica/OMEdit/CMakeFiles/CMakeTmp'



Determining if the sigsetjmp exist passed with the following output:
Change Dir: /home/yuhangdai/OpenModelica/OMEdit/CMakeFiles/CMakeTmp

Run Build Command(s):/usr/bin/gmake -f Makefile cmTC_2da86/fast && /usr/bin/gmake  -f CMakeFiles/cmTC_2da86.dir/build.make CMakeFiles/cmTC_2da86.dir/build
gmake[1]: Entering directory '/home/yuhangdai/OpenModelica/OMEdit/CMakeFiles/CMakeTmp'
Building C object CMakeFiles/cmTC_2da86.dir/CheckSymbolExists.c.o
/usr/bin/cc   -Werror -fPIE -o CMakeFiles/cmTC_2da86.dir/CheckSymbolExists.c.o -c /home/yuhangdai/OpenModelica/OMEdit/CMakeFiles/CMakeTmp/CheckSymbolExists.c
Linking C executable cmTC_2da86
/usr/bin/cmake -E cmake_link_script CMakeFiles/cmTC_2da86.dir/link.txt --verbose=1
/usr/bin/cc  -Werror CMakeFiles/cmTC_2da86.dir/CheckSymbolExists.c.o -o cmTC_2da86 
gmake[1]: Leaving directory '/home/yuhangdai/OpenModelica/OMEdit/CMakeFiles/CMakeTmp'


File /home/yuhangdai/OpenModelica/OMEdit/CMakeFiles/CMakeTmp/CheckSymbolExists.c:
/* */
#include <setjmp.h>

int main(int argc, char** argv)
{
  (void)argv;
#ifndef sigsetjmp
  return ((int*)(&sigsetjmp))[argc];
#else
  (void)argc;
  return 0;
#endif
}
Performing C SOURCE FILE Test HAVE_PTHREAD_SETNAME_NP_WITH_TID succeeded with the following output:
Change Dir: /home/yuhangdai/OpenModelica/OMEdit/CMakeFiles/CMakeTmp

Run Build Command(s):/usr/bin/gmake -f Makefile cmTC_58ebf/fast && /usr/bin/gmake  -f CMakeFiles/cmTC_58ebf.dir/build.make CMakeFiles/cmTC_58ebf.dir/build
gmake[1]: Entering directory '/home/yuhangdai/OpenModelica/OMEdit/CMakeFiles/CMakeTmp'
Building C object CMakeFiles/cmTC_58ebf.dir/src.c.o
/usr/bin/cc -DHAVE_PTHREAD_SETNAME_NP_WITH_TID  -Werror -fPIE -o CMakeFiles/cmTC_58ebf.dir/src.c.o -c /home/yuhangdai/OpenModelica/OMEdit/CMakeFiles/CMakeTmp/src.c
Linking C executable cmTC_58ebf
/usr/bin/cmake -E cmake_link_script CMakeFiles/cmTC_58ebf.dir/link.txt --verbose=1
/usr/bin/cc  -Werror CMakeFiles/cmTC_58ebf.dir/src.c.o -o cmTC_58ebf 
gmake[1]: Leaving directory '/home/yuhangdai/OpenModelica/OMEdit/CMakeFiles/CMakeTmp'


Source file was:

#if defined(__linux__) || defined(__GLIBC__) || defined(__GNU__) || defined(__CYGWIN__)

#define _GNU_SOURCE 1

#endif

#include <pthread.h>

int main(void) {

  (void)pthread_setname_np(pthread_self(), "thread-name"); return 0; }
Performing C SOURCE FILE Test HAVE_DLADDR succeeded with the following output:
Change Dir: /home/yuhangdai/OpenModelica/OMEdit/CMakeFiles/CMakeTmp

Run Build Command(s):/usr/bin/gmake -f Makefile cmTC_b7d4e/fast && /usr/bin/gmake  -f CMakeFiles/cmTC_b7d4e.dir/build.make CMakeFiles/cmTC_b7d4e.dir/build
gmake[1]: Entering directory '/home/yuhangdai/OpenModelica/OMEdit/CMakeFiles/CMakeTmp'
Building C object CMakeFiles/cmTC_b7d4e.dir/src.c.o
/usr/bin/cc -DHAVE_DLADDR  -Werror -fPIE -o CMakeFiles/cmTC_b7d4e.dir/src.c.o -c /home/yuhangdai/OpenModelica/OMEdit/CMakeFiles/CMakeTmp/src.c
Linking C executable cmTC_b7d4e
/usr/bin/cmake -E cmake_link_script CMakeFiles/cmTC_b7d4e.dir/link.txt --verbose=1
/usr/bin/cc  -Werror CMakeFiles/cmTC_b7d4e.dir/src.c.o -o cmTC_b7d4e 
gmake[1]: Leaving directory '/home/yuhangdai/OpenModelica/OMEdit/CMakeFiles/CMakeTmp'


Source file was:

#define _GNU_SOURCE 1

#include <dlfcn.h>

int main(void) { Dl_info info; (void)dladdr("", &info); return 0; }
Determining size of size_t passed with the following output:
Change Dir: /home/yuhangdai/OpenModelica/OMEdit/CMakeFiles/CMakeTmp

Run Build Command(s):/usr/bin/gmake -f Makefile cmTC_13101/fast && /usr/bin/gmake  -f CMakeFiles/cmTC_13101.dir/build.make CMakeFiles/cmTC_13101.dir/build
gmake[1]: Entering directory '/home/yuhangdai/OpenModelica/OMEdit/CMakeFiles/CMakeTmp'
Building C object CMakeFiles/cmTC_13101.dir/SIZEOF_SIZE_T.c.o
/usr/bin/cc   -fPIE -o CMakeFiles/cmTC_13101.dir/SIZEOF_SIZE_T.c.o -c /home/yuhangdai/OpenModelica/OMEdit/CMakeFiles/CheckTypeSize/SIZEOF_SIZE_T.c
Linking C executable cmTC_13101
/usr/bin/cmake -E cmake_link_script CMakeFiles/cmTC_13101.dir/link.txt --verbose=1
/usr/bin/cc CMakeFiles/cmTC_13101.dir/SIZEOF_SIZE_T.c.o -o cmTC_13101 
gmake[1]: Leaving directory '/home/yuhangdai/OpenModelica/OMEdit/CMakeFiles/CMakeTmp'



Checking whether the ASM compiler is GNU using "--version" matched "(GNU assembler)|(GCC)|(Free Software Foundation)":
cc (Ubuntu 11.4.0-1ubuntu1~22.04.2) 11.4.0
Copyright (C) 2021 Free Software Foundation, Inc.
This is free software; see the source for copying conditions.  There is NO
warranty; not even for MERCHANTABILITY or FITNESS FOR A PARTICULAR PURPOSE.

Determining if the MAP_ANON exist passed with the following output:
Change Dir: /home/yuhangdai/OpenModelica/OMEdit/CMakeFiles/CMakeTmp

Run Build Command(s):/usr/bin/gmake -f Makefile cmTC_dd572/fast && /usr/bin/gmake  -f CMakeFiles/cmTC_dd572.dir/build.make CMakeFiles/cmTC_dd572.dir/build
gmake[1]: Entering directory '/home/yuhangdai/OpenModelica/OMEdit/CMakeFiles/CMakeTmp'
Building C object CMakeFiles/cmTC_dd572.dir/CheckSymbolExists.c.o
/usr/bin/cc   -fPIE -o CMakeFiles/cmTC_dd572.dir/CheckSymbolExists.c.o -c /home/yuhangdai/OpenModelica/OMEdit/CMakeFiles/CMakeTmp/CheckSymbolExists.c
Linking C executable cmTC_dd572
/usr/bin/cmake -E cmake_link_script CMakeFiles/cmTC_dd572.dir/link.txt --verbose=1
/usr/bin/cc CMakeFiles/cmTC_dd572.dir/CheckSymbolExists.c.o -o cmTC_dd572 
gmake[1]: Leaving directory '/home/yuhangdai/OpenModelica/OMEdit/CMakeFiles/CMakeTmp'


File /home/yuhangdai/OpenModelica/OMEdit/CMakeFiles/CMakeTmp/CheckSymbolExists.c:
/* */
#include <sys/mman.h>

int main(int argc, char** argv)
{
  (void)argv;
#ifndef MAP_ANON
  return ((int*)(&MAP_ANON))[argc];
#else
  (void)argc;
  return 0;
#endif
}
Performing C SOURCE FILE Test HAVE_MMAP_DEV_ZERO succeeded with the following compile output:
Change Dir: /home/yuhangdai/OpenModelica/OMEdit/CMakeFiles/CMakeTmp

Run Build Command(s):/usr/bin/gmake -f Makefile cmTC_835b7/fast && /usr/bin/gmake  -f CMakeFiles/cmTC_835b7.dir/build.make CMakeFiles/cmTC_835b7.dir/build
gmake[1]: Entering directory '/home/yuhangdai/OpenModelica/OMEdit/CMakeFiles/CMakeTmp'
Building C object CMakeFiles/cmTC_835b7.dir/src.c.o
/usr/bin/cc -DHAVE_MMAP_DEV_ZERO  -fPIE -o CMakeFiles/cmTC_835b7.dir/src.c.o -c /home/yuhangdai/OpenModelica/OMEdit/CMakeFiles/CMakeTmp/src.c
Linking C executable cmTC_835b7
/usr/bin/cmake -E cmake_link_script CMakeFiles/cmTC_835b7.dir/link.txt --verbose=1
/usr/bin/cc CMakeFiles/cmTC_835b7.dir/src.c.o -o cmTC_835b7 
gmake[1]: Leaving directory '/home/yuhangdai/OpenModelica/OMEdit/CMakeFiles/CMakeTmp'


...and run output:

Return value: 1
Source file was:

    #include <stdlib.h>
    #include <sys/types.h>
    #include <sys/mman.h>
    #include <fcntl.h>

    int main(void) {
        int devzero = open("/dev/zero", O_RDWR);
        return devzero == -1 || mmap(NULL, 4096, PROT_READ|PROT_WRITE, MAP_SHARED, devzero, 0) == (void *)-1 ? 1 : 0;
    }
Determining if the include file alloca.h exists passed with the following output:
Change Dir: /home/yuhangdai/OpenModelica/OMEdit/CMakeFiles/CMakeTmp

Run Build Command(s):/usr/bin/gmake -f Makefile cmTC_e55cf/fast && /usr/bin/gmake  -f CMakeFiles/cmTC_e55cf.dir/build.make CMakeFiles/cmTC_e55cf.dir/build
gmake[1]: Entering directory '/home/yuhangdai/OpenModelica/OMEdit/CMakeFiles/CMakeTmp'
Building C object CMakeFiles/cmTC_e55cf.dir/CheckIncludeFile.c.o
/usr/bin/cc   -fPIE -o CMakeFiles/cmTC_e55cf.dir/CheckIncludeFile.c.o -c /home/yuhangdai/OpenModelica/OMEdit/CMakeFiles/CMakeTmp/CheckIncludeFile.c
Linking C executable cmTC_e55cf
/usr/bin/cmake -E cmake_link_script CMakeFiles/cmTC_e55cf.dir/link.txt --verbose=1
/usr/bin/cc CMakeFiles/cmTC_e55cf.dir/CheckIncludeFile.c.o -o cmTC_e55cf 
gmake[1]: Leaving directory '/home/yuhangdai/OpenModelica/OMEdit/CMakeFiles/CMakeTmp'



Performing C SOURCE FILE Test HAVE_ALLOCA succeeded with the following output:
Change Dir: /home/yuhangdai/OpenModelica/OMEdit/CMakeFiles/CMakeTmp

Run Build Command(s):/usr/bin/gmake -f Makefile cmTC_e3a23/fast && /usr/bin/gmake  -f CMakeFiles/cmTC_e3a23.dir/build.make CMakeFiles/cmTC_e3a23.dir/build
gmake[1]: Entering directory '/home/yuhangdai/OpenModelica/OMEdit/CMakeFiles/CMakeTmp'
Building C object CMakeFiles/cmTC_e3a23.dir/src.c.o
/usr/bin/cc -DHAVE_ALLOCA  -fPIE -o CMakeFiles/cmTC_e3a23.dir/src.c.o -c /home/yuhangdai/OpenModelica/OMEdit/CMakeFiles/CMakeTmp/src.c
Linking C executable cmTC_e3a23
/usr/bin/cmake -E cmake_link_script CMakeFiles/cmTC_e3a23.dir/link.txt --verbose=1
/usr/bin/cc CMakeFiles/cmTC_e3a23.dir/src.c.o -o cmTC_e3a23 
gmake[1]: Leaving directory '/home/yuhangdai/OpenModelica/OMEdit/CMakeFiles/CMakeTmp'


Source file was:

    #include <alloca.h>
    int main()
    {
        char* x = alloca(1024);
        return 0;
    }
    
Determining if the include file sys/mman.h exists passed with the following output:
Change Dir: /home/yuhangdai/OpenModelica/OMEdit/CMakeFiles/CMakeTmp

Run Build Command(s):/usr/bin/gmake -f Makefile cmTC_a804d/fast && /usr/bin/gmake  -f CMakeFiles/cmTC_a804d.dir/build.make CMakeFiles/cmTC_a804d.dir/build
gmake[1]: Entering directory '/home/yuhangdai/OpenModelica/OMEdit/CMakeFiles/CMakeTmp'
Building C object CMakeFiles/cmTC_a804d.dir/CheckIncludeFile.c.o
/usr/bin/cc   -fPIE -o CMakeFiles/cmTC_a804d.dir/CheckIncludeFile.c.o -c /home/yuhangdai/OpenModelica/OMEdit/CMakeFiles/CMakeTmp/CheckIncludeFile.c
Linking C executable cmTC_a804d
/usr/bin/cmake -E cmake_link_script CMakeFiles/cmTC_a804d.dir/link.txt --verbose=1
/usr/bin/cc CMakeFiles/cmTC_a804d.dir/CheckIncludeFile.c.o -o cmTC_a804d 
gmake[1]: Leaving directory '/home/yuhangdai/OpenModelica/OMEdit/CMakeFiles/CMakeTmp'



Determining if the memcpy exist passed with the following output:
Change Dir: /home/yuhangdai/OpenModelica/OMEdit/CMakeFiles/CMakeTmp

Run Build Command(s):/usr/bin/gmake -f Makefile cmTC_64c8a/fast && /usr/bin/gmake  -f CMakeFiles/cmTC_64c8a.dir/build.make CMakeFiles/cmTC_64c8a.dir/build
gmake[1]: Entering directory '/home/yuhangdai/OpenModelica/OMEdit/CMakeFiles/CMakeTmp'
Building C object CMakeFiles/cmTC_64c8a.dir/CheckSymbolExists.c.o
/usr/bin/cc   -fPIE -o CMakeFiles/cmTC_64c8a.dir/CheckSymbolExists.c.o -c /home/yuhangdai/OpenModelica/OMEdit/CMakeFiles/CMakeTmp/CheckSymbolExists.c
Linking C executable cmTC_64c8a
/usr/bin/cmake -E cmake_link_script CMakeFiles/cmTC_64c8a.dir/link.txt --verbose=1
/usr/bin/cc CMakeFiles/cmTC_64c8a.dir/CheckSymbolExists.c.o -o cmTC_64c8a 
gmake[1]: Leaving directory '/home/yuhangdai/OpenModelica/OMEdit/CMakeFiles/CMakeTmp'


File /home/yuhangdai/OpenModelica/OMEdit/CMakeFiles/CMakeTmp/CheckSymbolExists.c:
/* */
#include <string.h>

int main(int argc, char** argv)
{
  (void)argv;
#ifndef memcpy
  return ((int*)(&memcpy))[argc];
#else
  (void)argc;
  return 0;
#endif
}
Determining if the mkostemp exist passed with the following output:
Change Dir: /home/yuhangdai/OpenModelica/OMEdit/CMakeFiles/CMakeTmp

Run Build Command(s):/usr/bin/gmake -f Makefile cmTC_58a11/fast && /usr/bin/gmake  -f CMakeFiles/cmTC_58a11.dir/build.make CMakeFiles/cmTC_58a11.dir/build
gmake[1]: Entering directory '/home/yuhangdai/OpenModelica/OMEdit/CMakeFiles/CMakeTmp'
Building C object CMakeFiles/cmTC_58a11.dir/CheckSymbolExists.c.o
/usr/bin/cc -D_GNU_SOURCE  -fPIE -o CMakeFiles/cmTC_58a11.dir/CheckSymbolExists.c.o -c /home/yuhangdai/OpenModelica/OMEdit/CMakeFiles/CMakeTmp/CheckSymbolExists.c
Linking C executable cmTC_58a11
/usr/bin/cmake -E cmake_link_script CMakeFiles/cmTC_58a11.dir/link.txt --verbose=1
/usr/bin/cc CMakeFiles/cmTC_58a11.dir/CheckSymbolExists.c.o -o cmTC_58a11 
gmake[1]: Leaving directory '/home/yuhangdai/OpenModelica/OMEdit/CMakeFiles/CMakeTmp'


File /home/yuhangdai/OpenModelica/OMEdit/CMakeFiles/CMakeTmp/CheckSymbolExists.c:
/* */
#include <stdlib.h>

int main(int argc, char** argv)
{
  (void)argv;
#ifndef mkostemp
  return ((int*)(&mkostemp))[argc];
#else
  (void)argc;
  return 0;
#endif
}
Performing C SOURCE FILE Test HAVE_AS_CFI_PSEUDO_OP succeeded with the following output:
Change Dir: /home/yuhangdai/OpenModelica/OMEdit/CMakeFiles/CMakeTmp

Run Build Command(s):/usr/bin/gmake -f Makefile cmTC_4c827/fast && /usr/bin/gmake  -f CMakeFiles/cmTC_4c827.dir/build.make CMakeFiles/cmTC_4c827.dir/build
gmake[1]: Entering directory '/home/yuhangdai/OpenModelica/OMEdit/CMakeFiles/CMakeTmp'
Building C object CMakeFiles/cmTC_4c827.dir/src.c.o
/usr/bin/cc -DHAVE_AS_CFI_PSEUDO_OP  -fPIE -o CMakeFiles/cmTC_4c827.dir/src.c.o -c /home/yuhangdai/OpenModelica/OMEdit/CMakeFiles/CMakeTmp/src.c
Linking C executable cmTC_4c827
/usr/bin/cmake -E cmake_link_script CMakeFiles/cmTC_4c827.dir/link.txt --verbose=1
/usr/bin/cc CMakeFiles/cmTC_4c827.dir/src.c.o -o cmTC_4c827 
gmake[1]: Leaving directory '/home/yuhangdai/OpenModelica/OMEdit/CMakeFiles/CMakeTmp'


Source file was:

    asm (".cfi_sections\n\t.cfi_startproc\n\t.cfi_endproc");
    int main(void)
    {
        return 0;
    }
    
Performing C++ SOURCE FILE Test COMPILER_SUPPORTS_CXX11 succeeded with the following output:
Change Dir: /home/yuhangdai/OpenModelica/OMEdit/CMakeFiles/CMakeTmp

Run Build Command(s):/usr/bin/gmake -f Makefile cmTC_463ce/fast && /usr/bin/gmake  -f CMakeFiles/cmTC_463ce.dir/build.make CMakeFiles/cmTC_463ce.dir/build
gmake[1]: Entering directory '/home/yuhangdai/OpenModelica/OMEdit/CMakeFiles/CMakeTmp'
Building CXX object CMakeFiles/cmTC_463ce.dir/src.cxx.o
/usr/bin/c++ -DCOMPILER_SUPPORTS_CXX11  -fPIE   -std=gnu++11 -std=c++17 -o CMakeFiles/cmTC_463ce.dir/src.cxx.o -c /home/yuhangdai/OpenModelica/OMEdit/CMakeFiles/CMakeTmp/src.cxx
Linking CXX executable cmTC_463ce
/usr/bin/cmake -E cmake_link_script CMakeFiles/cmTC_463ce.dir/link.txt --verbose=1
/usr/bin/c++ CMakeFiles/cmTC_463ce.dir/src.cxx.o -o cmTC_463ce 
gmake[1]: Leaving directory '/home/yuhangdai/OpenModelica/OMEdit/CMakeFiles/CMakeTmp'


Source file was:
int main() { return 0; }
Performing C SOURCE FILE Test COMPILER_SUPPORTS_C11 succeeded with the following output:
Change Dir: /home/yuhangdai/OpenModelica/OMEdit/CMakeFiles/CMakeTmp

Run Build Command(s):/usr/bin/gmake -f Makefile cmTC_e3e82/fast && /usr/bin/gmake  -f CMakeFiles/cmTC_e3e82.dir/build.make CMakeFiles/cmTC_e3e82.dir/build
gmake[1]: Entering directory '/home/yuhangdai/OpenModelica/OMEdit/CMakeFiles/CMakeTmp'
Building C object CMakeFiles/cmTC_e3e82.dir/src.c.o
/usr/bin/cc -DCOMPILER_SUPPORTS_C11  -fPIE   -std=gnu11 -o CMakeFiles/cmTC_e3e82.dir/src.c.o -c /home/yuhangdai/OpenModelica/OMEdit/CMakeFiles/CMakeTmp/src.c
Linking C executable cmTC_e3e82
/usr/bin/cmake -E cmake_link_script CMakeFiles/cmTC_e3e82.dir/link.txt --verbose=1
/usr/bin/cc CMakeFiles/cmTC_e3e82.dir/src.c.o -o cmTC_e3e82 
gmake[1]: Leaving directory '/home/yuhangdai/OpenModelica/OMEdit/CMakeFiles/CMakeTmp'


Source file was:
int main(void) { return 0; }
Determining if the function epoll_create exists passed with the following output:
Change Dir: /home/yuhangdai/OpenModelica/OMEdit/CMakeFiles/CMakeTmp

Run Build Command(s):/usr/bin/gmake -f Makefile cmTC_93569/fast && /usr/bin/gmake  -f CMakeFiles/cmTC_93569.dir/build.make CMakeFiles/cmTC_93569.dir/build
gmake[1]: Entering directory '/home/yuhangdai/OpenModelica/OMEdit/CMakeFiles/CMakeTmp'
Building C object CMakeFiles/cmTC_93569.dir/CheckFunctionExists.c.o
/usr/bin/cc  -I/home/yuhangdai/OpenModelica/OMEdit/CMakeFiles/CMakeTmp/sys/epoll.h -std=gnu11 -DCHECK_FUNCTION_EXISTS=epoll_create -fPIE -o CMakeFiles/cmTC_93569.dir/CheckFunctionExists.c.o -c /usr/share/cmake-3.22/Modules/CheckFunctionExists.c
Linking C executable cmTC_93569
/usr/bin/cmake -E cmake_link_script CMakeFiles/cmTC_93569.dir/link.txt --verbose=1
/usr/bin/cc  -std=gnu11 -DCHECK_FUNCTION_EXISTS=epoll_create CMakeFiles/cmTC_93569.dir/CheckFunctionExists.c.o -o cmTC_93569 
gmake[1]: Leaving directory '/home/yuhangdai/OpenModelica/OMEdit/CMakeFiles/CMakeTmp'



Determining if the function epoll_create1 exists passed with the following output:
Change Dir: /home/yuhangdai/OpenModelica/OMEdit/CMakeFiles/CMakeTmp

Run Build Command(s):/usr/bin/gmake -f Makefile cmTC_e0b32/fast && /usr/bin/gmake  -f CMakeFiles/cmTC_e0b32.dir/build.make CMakeFiles/cmTC_e0b32.dir/build
gmake[1]: Entering directory '/home/yuhangdai/OpenModelica/OMEdit/CMakeFiles/CMakeTmp'
Building C object CMakeFiles/cmTC_e0b32.dir/CheckFunctionExists.c.o
/usr/bin/cc   -std=gnu11 -DCHECK_FUNCTION_EXISTS=epoll_create1 -fPIE -o CMakeFiles/cmTC_e0b32.dir/CheckFunctionExists.c.o -c /usr/share/cmake-3.22/Modules/CheckFunctionExists.c
Linking C executable cmTC_e0b32
/usr/bin/cmake -E cmake_link_script CMakeFiles/cmTC_e0b32.dir/link.txt --verbose=1
/usr/bin/cc  -std=gnu11 -DCHECK_FUNCTION_EXISTS=epoll_create1 CMakeFiles/cmTC_e0b32.dir/CheckFunctionExists.c.o -o cmTC_e0b32 
gmake[1]: Leaving directory '/home/yuhangdai/OpenModelica/OMEdit/CMakeFiles/CMakeTmp'



Determining if files ifaddrs.h exist passed with the following output:
Change Dir: /home/yuhangdai/OpenModelica/OMEdit/CMakeFiles/CMakeTmp

Run Build Command(s):/usr/bin/gmake -f Makefile cmTC_34770/fast && /usr/bin/gmake  -f CMakeFiles/cmTC_34770.dir/build.make CMakeFiles/cmTC_34770.dir/build
gmake[1]: Entering directory '/home/yuhangdai/OpenModelica/OMEdit/CMakeFiles/CMakeTmp'
Building C object CMakeFiles/cmTC_34770.dir/ZMQ_HAVE_IFADDRS.c.o
/usr/bin/cc   -std=gnu11  -fPIE -o CMakeFiles/cmTC_34770.dir/ZMQ_HAVE_IFADDRS.c.o -c /home/yuhangdai/OpenModelica/OMEdit/CMakeFiles/CheckIncludeFiles/ZMQ_HAVE_IFADDRS.c
Linking C executable cmTC_34770
/usr/bin/cmake -E cmake_link_script CMakeFiles/cmTC_34770.dir/link.txt --verbose=1
/usr/bin/cc  -std=gnu11  CMakeFiles/cmTC_34770.dir/ZMQ_HAVE_IFADDRS.c.o -o cmTC_34770 
gmake[1]: Leaving directory '/home/yuhangdai/OpenModelica/OMEdit/CMakeFiles/CMakeTmp'



Determining if files sys/uio.h exist passed with the following output:
Change Dir: /home/yuhangdai/OpenModelica/OMEdit/CMakeFiles/CMakeTmp

Run Build Command(s):/usr/bin/gmake -f Makefile cmTC_b9284/fast && /usr/bin/gmake  -f CMakeFiles/cmTC_b9284.dir/build.make CMakeFiles/cmTC_b9284.dir/build
gmake[1]: Entering directory '/home/yuhangdai/OpenModelica/OMEdit/CMakeFiles/CMakeTmp'
Building C object CMakeFiles/cmTC_b9284.dir/ZMQ_HAVE_UIO.c.o
/usr/bin/cc   -std=gnu11  -fPIE -o CMakeFiles/cmTC_b9284.dir/ZMQ_HAVE_UIO.c.o -c /home/yuhangdai/OpenModelica/OMEdit/CMakeFiles/CheckIncludeFiles/ZMQ_HAVE_UIO.c
Linking C executable cmTC_b9284
/usr/bin/cmake -E cmake_link_script CMakeFiles/cmTC_b9284.dir/link.txt --verbose=1
/usr/bin/cc  -std=gnu11  CMakeFiles/cmTC_b9284.dir/ZMQ_HAVE_UIO.c.o -o cmTC_b9284 
gmake[1]: Leaving directory '/home/yuhangdai/OpenModelica/OMEdit/CMakeFiles/CMakeTmp'



Determining if files sys/eventfd.h exist passed with the following output:
Change Dir: /home/yuhangdai/OpenModelica/OMEdit/CMakeFiles/CMakeTmp

Run Build Command(s):/usr/bin/gmake -f Makefile cmTC_9c45e/fast && /usr/bin/gmake  -f CMakeFiles/cmTC_9c45e.dir/build.make CMakeFiles/cmTC_9c45e.dir/build
gmake[1]: Entering directory '/home/yuhangdai/OpenModelica/OMEdit/CMakeFiles/CMakeTmp'
Building C object CMakeFiles/cmTC_9c45e.dir/ZMQ_HAVE_EVENTFD.c.o
/usr/bin/cc   -std=gnu11  -fPIE -o CMakeFiles/cmTC_9c45e.dir/ZMQ_HAVE_EVENTFD.c.o -c /home/yuhangdai/OpenModelica/OMEdit/CMakeFiles/CheckIncludeFiles/ZMQ_HAVE_EVENTFD.c
Linking C executable cmTC_9c45e
/usr/bin/cmake -E cmake_link_script CMakeFiles/cmTC_9c45e.dir/link.txt --verbose=1
/usr/bin/cc  -std=gnu11  CMakeFiles/cmTC_9c45e.dir/ZMQ_HAVE_EVENTFD.c.o -o cmTC_9c45e 
gmake[1]: Leaving directory '/home/yuhangdai/OpenModelica/OMEdit/CMakeFiles/CMakeTmp'



Performing C SOURCE FILE Test ZMQ_HAVE_EVENTFD_CLOEXEC succeeded with the following compile output:
Change Dir: /home/yuhangdai/OpenModelica/OMEdit/CMakeFiles/CMakeTmp

Run Build Command(s):/usr/bin/gmake -f Makefile cmTC_43fc6/fast && /usr/bin/gmake  -f CMakeFiles/cmTC_43fc6.dir/build.make CMakeFiles/cmTC_43fc6.dir/build
gmake[1]: Entering directory '/home/yuhangdai/OpenModelica/OMEdit/CMakeFiles/CMakeTmp'
Building C object CMakeFiles/cmTC_43fc6.dir/src.c.o
/usr/bin/cc -DZMQ_HAVE_EVENTFD_CLOEXEC  -std=gnu11  -fPIE -o CMakeFiles/cmTC_43fc6.dir/src.c.o -c /home/yuhangdai/OpenModelica/OMEdit/CMakeFiles/CMakeTmp/src.c
Linking C executable cmTC_43fc6
/usr/bin/cmake -E cmake_link_script CMakeFiles/cmTC_43fc6.dir/link.txt --verbose=1
/usr/bin/cc  -std=gnu11  CMakeFiles/cmTC_43fc6.dir/src.c.o -o cmTC_43fc6 
gmake[1]: Leaving directory '/home/yuhangdai/OpenModelica/OMEdit/CMakeFiles/CMakeTmp'


...and run output:

Return value: 1
Source file was:

#include <sys/eventfd.h>

int main(int argc, char *argv [])
{
    int s = eventfd (0, EFD_CLOEXEC);
    return(s == -1);
}

Determining if the SO_PEERCRED exist passed with the following output:
Change Dir: /home/yuhangdai/OpenModelica/OMEdit/CMakeFiles/CMakeTmp

Run Build Command(s):/usr/bin/gmake -f Makefile cmTC_cf2fb/fast && /usr/bin/gmake  -f CMakeFiles/cmTC_cf2fb.dir/build.make CMakeFiles/cmTC_cf2fb.dir/build
gmake[1]: Entering directory '/home/yuhangdai/OpenModelica/OMEdit/CMakeFiles/CMakeTmp'
Building CXX object CMakeFiles/cmTC_cf2fb.dir/CheckSymbolExists.cxx.o
/usr/bin/c++   -std=gnu++11  -fPIE -std=c++17 -o CMakeFiles/cmTC_cf2fb.dir/CheckSymbolExists.cxx.o -c /home/yuhangdai/OpenModelica/OMEdit/CMakeFiles/CMakeTmp/CheckSymbolExists.cxx
Linking CXX executable cmTC_cf2fb
/usr/bin/cmake -E cmake_link_script CMakeFiles/cmTC_cf2fb.dir/link.txt --verbose=1
/usr/bin/c++  -std=gnu++11  CMakeFiles/cmTC_cf2fb.dir/CheckSymbolExists.cxx.o -o cmTC_cf2fb 
gmake[1]: Leaving directory '/home/yuhangdai/OpenModelica/OMEdit/CMakeFiles/CMakeTmp'


File /home/yuhangdai/OpenModelica/OMEdit/CMakeFiles/CMakeTmp/CheckSymbolExists.cxx:
/* */
#include <sys/socket.h>

int main(int argc, char** argv)
{
  (void)argv;
#ifndef SO_PEERCRED
  return ((int*)(&SO_PEERCRED))[argc];
#else
  (void)argc;
  return 0;
#endif
}
Determining if the function clock_gettime exists passed with the following output:
Change Dir: /home/yuhangdai/OpenModelica/OMEdit/CMakeFiles/CMakeTmp

Run Build Command(s):/usr/bin/gmake -f Makefile cmTC_536d4/fast && /usr/bin/gmake  -f CMakeFiles/cmTC_536d4.dir/build.make CMakeFiles/cmTC_536d4.dir/build
gmake[1]: Entering directory '/home/yuhangdai/OpenModelica/OMEdit/CMakeFiles/CMakeTmp'
Building C object CMakeFiles/cmTC_536d4.dir/CheckFunctionExists.c.o
/usr/bin/cc   -std=gnu11 -DCHECK_FUNCTION_EXISTS=clock_gettime -fPIE -o CMakeFiles/cmTC_536d4.dir/CheckFunctionExists.c.o -c /usr/share/cmake-3.22/Modules/CheckFunctionExists.c
Linking C executable cmTC_536d4
/usr/bin/cmake -E cmake_link_script CMakeFiles/cmTC_536d4.dir/link.txt --verbose=1
/usr/bin/cc  -std=gnu11 -DCHECK_FUNCTION_EXISTS=clock_gettime CMakeFiles/cmTC_536d4.dir/CheckFunctionExists.c.o -o cmTC_536d4  -lrt 
gmake[1]: Leaving directory '/home/yuhangdai/OpenModelica/OMEdit/CMakeFiles/CMakeTmp'



Determining if the function fork exists passed with the following output:
Change Dir: /home/yuhangdai/OpenModelica/OMEdit/CMakeFiles/CMakeTmp

Run Build Command(s):/usr/bin/gmake -f Makefile cmTC_bb3bf/fast && /usr/bin/gmake  -f CMakeFiles/cmTC_bb3bf.dir/build.make CMakeFiles/cmTC_bb3bf.dir/build
gmake[1]: Entering directory '/home/yuhangdai/OpenModelica/OMEdit/CMakeFiles/CMakeTmp'
Building C object CMakeFiles/cmTC_bb3bf.dir/CheckFunctionExists.c.o
/usr/bin/cc  -I/home/yuhangdai/OpenModelica/OMEdit/CMakeFiles/CMakeTmp/unistd.h -std=gnu11 -DCHECK_FUNCTION_EXISTS=fork -fPIE -o CMakeFiles/cmTC_bb3bf.dir/CheckFunctionExists.c.o -c /usr/share/cmake-3.22/Modules/CheckFunctionExists.c
<command-line>: warning: conflicting types for built-in function ‘fork’; expected ‘int(void)’ [-Wbuiltin-declaration-mismatch]
/usr/share/cmake-3.22/Modules/CheckFunctionExists.c:7:3: note: in expansion of macro ‘CHECK_FUNCTION_EXISTS’
    7 |   CHECK_FUNCTION_EXISTS(void);
      |   ^~~~~~~~~~~~~~~~~~~~~
Linking C executable cmTC_bb3bf
/usr/bin/cmake -E cmake_link_script CMakeFiles/cmTC_bb3bf.dir/link.txt --verbose=1
/usr/bin/cc  -std=gnu11 -DCHECK_FUNCTION_EXISTS=fork CMakeFiles/cmTC_bb3bf.dir/CheckFunctionExists.c.o -o cmTC_bb3bf 
gmake[1]: Leaving directory '/home/yuhangdai/OpenModelica/OMEdit/CMakeFiles/CMakeTmp'



Determining if the function mkdtemp exists passed with the following output:
Change Dir: /home/yuhangdai/OpenModelica/OMEdit/CMakeFiles/CMakeTmp

Run Build Command(s):/usr/bin/gmake -f Makefile cmTC_613cc/fast && /usr/bin/gmake  -f CMakeFiles/cmTC_613cc.dir/build.make CMakeFiles/cmTC_613cc.dir/build
gmake[1]: Entering directory '/home/yuhangdai/OpenModelica/OMEdit/CMakeFiles/CMakeTmp'
Building C object CMakeFiles/cmTC_613cc.dir/CheckFunctionExists.c.o
/usr/bin/cc  -I/home/yuhangdai/OpenModelica/OMEdit/CMakeFiles/CMakeTmp/stdlib.h -std=gnu11 -DCHECK_FUNCTION_EXISTS=mkdtemp -fPIE -o CMakeFiles/cmTC_613cc.dir/CheckFunctionExists.c.o -c /usr/share/cmake-3.22/Modules/CheckFunctionExists.c
Linking C executable cmTC_613cc
/usr/bin/cmake -E cmake_link_script CMakeFiles/cmTC_613cc.dir/link.txt --verbose=1
/usr/bin/cc  -std=gnu11 -DCHECK_FUNCTION_EXISTS=mkdtemp CMakeFiles/cmTC_613cc.dir/CheckFunctionExists.c.o -o cmTC_613cc 
gmake[1]: Leaving directory '/home/yuhangdai/OpenModelica/OMEdit/CMakeFiles/CMakeTmp'



Performing C++ SOURCE FILE Test HAVE_FLAG_-Wall succeeded with the following output:
Change Dir: /home/yuhangdai/OpenModelica/OMEdit/CMakeFiles/CMakeTmp

Run Build Command(s):/usr/bin/gmake -f Makefile cmTC_8ff81/fast && /usr/bin/gmake  -f CMakeFiles/cmTC_8ff81.dir/build.make CMakeFiles/cmTC_8ff81.dir/build
gmake[1]: Entering directory '/home/yuhangdai/OpenModelica/OMEdit/CMakeFiles/CMakeTmp'
Building CXX object CMakeFiles/cmTC_8ff81.dir/src.cxx.o
/usr/bin/c++   -std=gnu++11  -fPIE   -DHAVE_FLAG_-Wall -Wall -std=c++17 -o CMakeFiles/cmTC_8ff81.dir/src.cxx.o -c /home/yuhangdai/OpenModelica/OMEdit/CMakeFiles/CMakeTmp/src.cxx
<command-line>: warning: ISO C++11 requires whitespace after the macro name
Linking CXX executable cmTC_8ff81
/usr/bin/cmake -E cmake_link_script CMakeFiles/cmTC_8ff81.dir/link.txt --verbose=1
/usr/bin/c++  -std=gnu++11  CMakeFiles/cmTC_8ff81.dir/src.cxx.o -o cmTC_8ff81 
gmake[1]: Leaving directory '/home/yuhangdai/OpenModelica/OMEdit/CMakeFiles/CMakeTmp'


Source file was:
int main() { return 0; }
Performing C++ SOURCE FILE Test HAVE_FLAG_-Wextra succeeded with the following output:
Change Dir: /home/yuhangdai/OpenModelica/OMEdit/CMakeFiles/CMakeTmp

Run Build Command(s):/usr/bin/gmake -f Makefile cmTC_425ff/fast && /usr/bin/gmake  -f CMakeFiles/cmTC_425ff.dir/build.make CMakeFiles/cmTC_425ff.dir/build
gmake[1]: Entering directory '/home/yuhangdai/OpenModelica/OMEdit/CMakeFiles/CMakeTmp'
Building CXX object CMakeFiles/cmTC_425ff.dir/src.cxx.o
/usr/bin/c++   -std=gnu++11 -Wall  -fPIE   -DHAVE_FLAG_-Wextra -Wextra -std=c++17 -o CMakeFiles/cmTC_425ff.dir/src.cxx.o -c /home/yuhangdai/OpenModelica/OMEdit/CMakeFiles/CMakeTmp/src.cxx
<command-line>: warning: ISO C++11 requires whitespace after the macro name
Linking CXX executable cmTC_425ff
/usr/bin/cmake -E cmake_link_script CMakeFiles/cmTC_425ff.dir/link.txt --verbose=1
/usr/bin/c++  -std=gnu++11 -Wall  CMakeFiles/cmTC_425ff.dir/src.cxx.o -o cmTC_425ff 
gmake[1]: Leaving directory '/home/yuhangdai/OpenModelica/OMEdit/CMakeFiles/CMakeTmp'


Source file was:
int main() { return 0; }
Performing C++ SOURCE FILE Test HAVE_FLAG_-Wno-long-long succeeded with the following output:
Change Dir: /home/yuhangdai/OpenModelica/OMEdit/CMakeFiles/CMakeTmp

Run Build Command(s):/usr/bin/gmake -f Makefile cmTC_c0232/fast && /usr/bin/gmake  -f CMakeFiles/cmTC_c0232.dir/build.make CMakeFiles/cmTC_c0232.dir/build
gmake[1]: Entering directory '/home/yuhangdai/OpenModelica/OMEdit/CMakeFiles/CMakeTmp'
Building CXX object CMakeFiles/cmTC_c0232.dir/src.cxx.o
/usr/bin/c++   -std=gnu++11 -Wall -Wextra  -fPIE   -DHAVE_FLAG_-Wno-long-long -Wno-long-long -std=c++17 -o CMakeFiles/cmTC_c0232.dir/src.cxx.o -c /home/yuhangdai/OpenModelica/OMEdit/CMakeFiles/CMakeTmp/src.cxx
<command-line>: warning: ISO C++11 requires whitespace after the macro name
Linking CXX executable cmTC_c0232
/usr/bin/cmake -E cmake_link_script CMakeFiles/cmTC_c0232.dir/link.txt --verbose=1
/usr/bin/c++  -std=gnu++11 -Wall -Wextra  CMakeFiles/cmTC_c0232.dir/src.cxx.o -o cmTC_c0232 
gmake[1]: Leaving directory '/home/yuhangdai/OpenModelica/OMEdit/CMakeFiles/CMakeTmp'


Source file was:
int main() { return 0; }
Performing C++ SOURCE FILE Test HAVE_FLAG_-Wno-uninitialized succeeded with the following output:
Change Dir: /home/yuhangdai/OpenModelica/OMEdit/CMakeFiles/CMakeTmp

Run Build Command(s):/usr/bin/gmake -f Makefile cmTC_0c901/fast && /usr/bin/gmake  -f CMakeFiles/cmTC_0c901.dir/build.make CMakeFiles/cmTC_0c901.dir/build
gmake[1]: Entering directory '/home/yuhangdai/OpenModelica/OMEdit/CMakeFiles/CMakeTmp'
Building CXX object CMakeFiles/cmTC_0c901.dir/src.cxx.o
/usr/bin/c++   -std=gnu++11 -Wall -Wextra -Wno-long-long  -fPIE   -DHAVE_FLAG_-Wno-uninitialized -Wno-uninitialized -std=c++17 -o CMakeFiles/cmTC_0c901.dir/src.cxx.o -c /home/yuhangdai/OpenModelica/OMEdit/CMakeFiles/CMakeTmp/src.cxx
<command-line>: warning: ISO C++11 requires whitespace after the macro name
Linking CXX executable cmTC_0c901
/usr/bin/cmake -E cmake_link_script CMakeFiles/cmTC_0c901.dir/link.txt --verbose=1
/usr/bin/c++  -std=gnu++11 -Wall -Wextra -Wno-long-long  CMakeFiles/cmTC_0c901.dir/src.cxx.o -o cmTC_0c901 
gmake[1]: Leaving directory '/home/yuhangdai/OpenModelica/OMEdit/CMakeFiles/CMakeTmp'


Source file was:
int main() { return 0; }
Performing C++ SOURCE FILE Test HAVE_FLAG_-pedantic succeeded with the following output:
Change Dir: /home/yuhangdai/OpenModelica/OMEdit/CMakeFiles/CMakeTmp

Run Build Command(s):/usr/bin/gmake -f Makefile cmTC_30b96/fast && /usr/bin/gmake  -f CMakeFiles/cmTC_30b96.dir/build.make CMakeFiles/cmTC_30b96.dir/build
gmake[1]: Entering directory '/home/yuhangdai/OpenModelica/OMEdit/CMakeFiles/CMakeTmp'
Building CXX object CMakeFiles/cmTC_30b96.dir/src.cxx.o
/usr/bin/c++   -std=gnu++11 -Wall -Wextra -Wno-long-long -Wno-uninitialized  -fPIE   -DHAVE_FLAG_-pedantic -pedantic -std=c++17 -o CMakeFiles/cmTC_30b96.dir/src.cxx.o -c /home/yuhangdai/OpenModelica/OMEdit/CMakeFiles/CMakeTmp/src.cxx
<command-line>: warning: ISO C++11 requires whitespace after the macro name
Linking CXX executable cmTC_30b96
/usr/bin/cmake -E cmake_link_script CMakeFiles/cmTC_30b96.dir/link.txt --verbose=1
/usr/bin/c++  -std=gnu++11 -Wall -Wextra -Wno-long-long -Wno-uninitialized  CMakeFiles/cmTC_30b96.dir/src.cxx.o -o cmTC_30b96 
gmake[1]: Leaving directory '/home/yuhangdai/OpenModelica/OMEdit/CMakeFiles/CMakeTmp'


Source file was:
int main() { return 0; }
Performing C SOURCE FILE Test ZMQ_HAVE_SOCK_CLOEXEC succeeded with the following compile output:
Change Dir: /home/yuhangdai/OpenModelica/OMEdit/CMakeFiles/CMakeTmp

Run Build Command(s):/usr/bin/gmake -f Makefile cmTC_57c52/fast && /usr/bin/gmake  -f CMakeFiles/cmTC_57c52.dir/build.make CMakeFiles/cmTC_57c52.dir/build
gmake[1]: Entering directory '/home/yuhangdai/OpenModelica/OMEdit/CMakeFiles/CMakeTmp'
Building C object CMakeFiles/cmTC_57c52.dir/src.c.o
/usr/bin/cc -DZMQ_HAVE_SOCK_CLOEXEC  -std=gnu11  -fPIE -o CMakeFiles/cmTC_57c52.dir/src.c.o -c /home/yuhangdai/OpenModelica/OMEdit/CMakeFiles/CMakeTmp/src.c
Linking C executable cmTC_57c52
/usr/bin/cmake -E cmake_link_script CMakeFiles/cmTC_57c52.dir/link.txt --verbose=1
/usr/bin/cc  -std=gnu11  CMakeFiles/cmTC_57c52.dir/src.c.o -o cmTC_57c52 
gmake[1]: Leaving directory '/home/yuhangdai/OpenModelica/OMEdit/CMakeFiles/CMakeTmp'


...and run output:

Return value: 1
Source file was:

#include <sys/types.h>
#include <sys/socket.h>

int main(int argc, char *argv [])
{
    int s = socket(PF_INET, SOCK_STREAM | SOCK_CLOEXEC, 0);
    return(s == -1);
}

Performing C SOURCE FILE Test ZMQ_HAVE_SO_KEEPALIVE succeeded with the following compile output:
Change Dir: /home/yuhangdai/OpenModelica/OMEdit/CMakeFiles/CMakeTmp

Run Build Command(s):/usr/bin/gmake -f Makefile cmTC_2dd17/fast && /usr/bin/gmake  -f CMakeFiles/cmTC_2dd17.dir/build.make CMakeFiles/cmTC_2dd17.dir/build
gmake[1]: Entering directory '/home/yuhangdai/OpenModelica/OMEdit/CMakeFiles/CMakeTmp'
Building C object CMakeFiles/cmTC_2dd17.dir/src.c.o
/usr/bin/cc -DZMQ_HAVE_SO_KEEPALIVE  -std=gnu11  -fPIE -o CMakeFiles/cmTC_2dd17.dir/src.c.o -c /home/yuhangdai/OpenModelica/OMEdit/CMakeFiles/CMakeTmp/src.c
Linking C executable cmTC_2dd17
/usr/bin/cmake -E cmake_link_script CMakeFiles/cmTC_2dd17.dir/link.txt --verbose=1
/usr/bin/cc  -std=gnu11  CMakeFiles/cmTC_2dd17.dir/src.c.o -o cmTC_2dd17 
gmake[1]: Leaving directory '/home/yuhangdai/OpenModelica/OMEdit/CMakeFiles/CMakeTmp'


...and run output:

Return value: 1
Source file was:

#include <sys/types.h>
#include <sys/socket.h>

int main(int argc, char *argv [])
{
    int s, rc, opt = 1;
    return(
       ((s = socket(PF_INET, SOCK_STREAM, 0)) == -1) ||
       ((rc = setsockopt(s, SOL_SOCKET, SO_KEEPALIVE,(char*) &opt, sizeof(int))) == -1)
    );
}

Performing C SOURCE FILE Test ZMQ_HAVE_TCP_KEEPCNT succeeded with the following compile output:
Change Dir: /home/yuhangdai/OpenModelica/OMEdit/CMakeFiles/CMakeTmp

Run Build Command(s):/usr/bin/gmake -f Makefile cmTC_3e7f8/fast && /usr/bin/gmake  -f CMakeFiles/cmTC_3e7f8.dir/build.make CMakeFiles/cmTC_3e7f8.dir/build
gmake[1]: Entering directory '/home/yuhangdai/OpenModelica/OMEdit/CMakeFiles/CMakeTmp'
Building C object CMakeFiles/cmTC_3e7f8.dir/src.c.o
/usr/bin/cc -DZMQ_HAVE_TCP_KEEPCNT  -std=gnu11  -fPIE -o CMakeFiles/cmTC_3e7f8.dir/src.c.o -c /home/yuhangdai/OpenModelica/OMEdit/CMakeFiles/CMakeTmp/src.c
Linking C executable cmTC_3e7f8
/usr/bin/cmake -E cmake_link_script CMakeFiles/cmTC_3e7f8.dir/link.txt --verbose=1
/usr/bin/cc  -std=gnu11  CMakeFiles/cmTC_3e7f8.dir/src.c.o -o cmTC_3e7f8 
gmake[1]: Leaving directory '/home/yuhangdai/OpenModelica/OMEdit/CMakeFiles/CMakeTmp'


...and run output:

Return value: 1
Source file was:

#include <sys/types.h>
#include <sys/socket.h>
#include <netinet/in.h>
#include <netinet/tcp.h>

int main(int argc, char *argv [])
{
    int s, rc, opt = 1;
    return(
       ((s = socket(PF_INET, SOCK_STREAM, 0)) == -1) ||
       ((rc = setsockopt(s, SOL_SOCKET, SO_KEEPALIVE,(char*) &opt, sizeof(int))) == -1) ||
       ((rc = setsockopt(s, IPPROTO_TCP, TCP_KEEPCNT,(char*) &opt, sizeof(int))) == -1)
    );
}

Performing C SOURCE FILE Test ZMQ_HAVE_TCP_KEEPIDLE succeeded with the following compile output:
Change Dir: /home/yuhangdai/OpenModelica/OMEdit/CMakeFiles/CMakeTmp

Run Build Command(s):/usr/bin/gmake -f Makefile cmTC_a4be5/fast && /usr/bin/gmake  -f CMakeFiles/cmTC_a4be5.dir/build.make CMakeFiles/cmTC_a4be5.dir/build
gmake[1]: Entering directory '/home/yuhangdai/OpenModelica/OMEdit/CMakeFiles/CMakeTmp'
Building C object CMakeFiles/cmTC_a4be5.dir/src.c.o
/usr/bin/cc -DZMQ_HAVE_TCP_KEEPIDLE  -std=gnu11  -fPIE -o CMakeFiles/cmTC_a4be5.dir/src.c.o -c /home/yuhangdai/OpenModelica/OMEdit/CMakeFiles/CMakeTmp/src.c
Linking C executable cmTC_a4be5
/usr/bin/cmake -E cmake_link_script CMakeFiles/cmTC_a4be5.dir/link.txt --verbose=1
/usr/bin/cc  -std=gnu11  CMakeFiles/cmTC_a4be5.dir/src.c.o -o cmTC_a4be5 
gmake[1]: Leaving directory '/home/yuhangdai/OpenModelica/OMEdit/CMakeFiles/CMakeTmp'


...and run output:

Return value: 1
Source file was:

#include <sys/types.h>
#include <sys/socket.h>
#include <netinet/in.h>
#include <netinet/tcp.h>

int main(int argc, char *argv [])
{
    int s, rc, opt = 1;
    return(
       ((s = socket(PF_INET, SOCK_STREAM, 0)) == -1) ||
       ((rc = setsockopt(s, SOL_SOCKET, SO_KEEPALIVE,(char*) &opt, sizeof(int))) == -1) ||
       ((rc = setsockopt(s, IPPROTO_TCP, TCP_KEEPIDLE,(char*) &opt, sizeof(int))) == -1)
    );
}

Performing C SOURCE FILE Test ZMQ_HAVE_TCP_KEEPINTVL succeeded with the following compile output:
Change Dir: /home/yuhangdai/OpenModelica/OMEdit/CMakeFiles/CMakeTmp

Run Build Command(s):/usr/bin/gmake -f Makefile cmTC_759d6/fast && /usr/bin/gmake  -f CMakeFiles/cmTC_759d6.dir/build.make CMakeFiles/cmTC_759d6.dir/build
gmake[1]: Entering directory '/home/yuhangdai/OpenModelica/OMEdit/CMakeFiles/CMakeTmp'
Building C object CMakeFiles/cmTC_759d6.dir/src.c.o
/usr/bin/cc -DZMQ_HAVE_TCP_KEEPINTVL  -std=gnu11  -fPIE -o CMakeFiles/cmTC_759d6.dir/src.c.o -c /home/yuhangdai/OpenModelica/OMEdit/CMakeFiles/CMakeTmp/src.c
Linking C executable cmTC_759d6
/usr/bin/cmake -E cmake_link_script CMakeFiles/cmTC_759d6.dir/link.txt --verbose=1
/usr/bin/cc  -std=gnu11  CMakeFiles/cmTC_759d6.dir/src.c.o -o cmTC_759d6 
gmake[1]: Leaving directory '/home/yuhangdai/OpenModelica/OMEdit/CMakeFiles/CMakeTmp'


...and run output:

Return value: 1
Source file was:

#include <sys/types.h>
#include <sys/socket.h>
#include <netinet/in.h>
#include <netinet/tcp.h>

int main(int argc, char *argv [])
{
    int s, rc, opt = 1;
    return(
       ((s = socket(PF_INET, SOCK_STREAM, 0)) == -1) ||
       ((rc = setsockopt(s, SOL_SOCKET, SO_KEEPALIVE,(char*) &opt, sizeof(int))) == -1) ||
       ((rc = setsockopt(s, IPPROTO_TCP, TCP_KEEPINTVL,(char*) &opt, sizeof(int))) == -1)
    );
}


Performing C SOURCE FILE Test ZMQ_HAVE_PTHREAD_SETNAME_2 succeeded with the following compile output:
Change Dir: /home/yuhangdai/OpenModelica/OMEdit/CMakeFiles/CMakeTmp

Run Build Command(s):/usr/bin/gmake -f Makefile cmTC_3f39f/fast && /usr/bin/gmake  -f CMakeFiles/cmTC_3f39f.dir/build.make CMakeFiles/cmTC_3f39f.dir/build
gmake[1]: Entering directory '/home/yuhangdai/OpenModelica/OMEdit/CMakeFiles/CMakeTmp'
Building C object CMakeFiles/cmTC_3f39f.dir/src.c.o
/usr/bin/cc -DZMQ_HAVE_PTHREAD_SETNAME_2  -std=gnu11 -D_GNU_SOURCE -Werror -pthread -fPIE -o CMakeFiles/cmTC_3f39f.dir/src.c.o -c /home/yuhangdai/OpenModelica/OMEdit/CMakeFiles/CMakeTmp/src.c
Linking C executable cmTC_3f39f
/usr/bin/cmake -E cmake_link_script CMakeFiles/cmTC_3f39f.dir/link.txt --verbose=1
/usr/bin/cc  -std=gnu11 -D_GNU_SOURCE -Werror -pthread CMakeFiles/cmTC_3f39f.dir/src.c.o -o cmTC_3f39f 
gmake[1]: Leaving directory '/home/yuhangdai/OpenModelica/OMEdit/CMakeFiles/CMakeTmp'


...and run output:

Return value: 1
Source file was:

#include <pthread.h>

int main(int argc, char *argv [])
{
    pthread_setname_np (pthread_self(), "foo");
    return 0;
}

Determining size of float passed with the following output:
Change Dir: /home/yuhangdai/OpenModelica/OMEdit/CMakeFiles/CMakeTmp

Run Build Command(s):/usr/bin/gmake -f Makefile cmTC_ce45b/fast && /usr/bin/gmake  -f CMakeFiles/cmTC_ce45b.dir/build.make CMakeFiles/cmTC_ce45b.dir/build
gmake[1]: Entering directory '/home/yuhangdai/OpenModelica/OMEdit/CMakeFiles/CMakeTmp'
Building C object CMakeFiles/cmTC_ce45b.dir/SIZEOF_FLOAT.c.o
/usr/bin/cc   -fPIE -o CMakeFiles/cmTC_ce45b.dir/SIZEOF_FLOAT.c.o -c /home/yuhangdai/OpenModelica/OMEdit/CMakeFiles/CheckTypeSize/SIZEOF_FLOAT.c
Linking C executable cmTC_ce45b
/usr/bin/cmake -E cmake_link_script CMakeFiles/cmTC_ce45b.dir/link.txt --verbose=1
/usr/bin/cc CMakeFiles/cmTC_ce45b.dir/SIZEOF_FLOAT.c.o -o cmTC_ce45b 
gmake[1]: Leaving directory '/home/yuhangdai/OpenModelica/OMEdit/CMakeFiles/CMakeTmp'



Determining size of int passed with the following output:
Change Dir: /home/yuhangdai/OpenModelica/OMEdit/CMakeFiles/CMakeTmp

Run Build Command(s):/usr/bin/gmake -f Makefile cmTC_2a7c9/fast && /usr/bin/gmake  -f CMakeFiles/cmTC_2a7c9.dir/build.make CMakeFiles/cmTC_2a7c9.dir/build
gmake[1]: Entering directory '/home/yuhangdai/OpenModelica/OMEdit/CMakeFiles/CMakeTmp'
Building C object CMakeFiles/cmTC_2a7c9.dir/SIZEOF_INT.c.o
/usr/bin/cc   -fPIE -o CMakeFiles/cmTC_2a7c9.dir/SIZEOF_INT.c.o -c /home/yuhangdai/OpenModelica/OMEdit/CMakeFiles/CheckTypeSize/SIZEOF_INT.c
Linking C executable cmTC_2a7c9
/usr/bin/cmake -E cmake_link_script CMakeFiles/cmTC_2a7c9.dir/link.txt --verbose=1
/usr/bin/cc CMakeFiles/cmTC_2a7c9.dir/SIZEOF_INT.c.o -o cmTC_2a7c9 
gmake[1]: Leaving directory '/home/yuhangdai/OpenModelica/OMEdit/CMakeFiles/CMakeTmp'



Determining size of long passed with the following output:
Change Dir: /home/yuhangdai/OpenModelica/OMEdit/CMakeFiles/CMakeTmp

Run Build Command(s):/usr/bin/gmake -f Makefile cmTC_c9855/fast && /usr/bin/gmake  -f CMakeFiles/cmTC_c9855.dir/build.make CMakeFiles/cmTC_c9855.dir/build
gmake[1]: Entering directory '/home/yuhangdai/OpenModelica/OMEdit/CMakeFiles/CMakeTmp'
Building C object CMakeFiles/cmTC_c9855.dir/SIZEOF_LONG.c.o
/usr/bin/cc   -fPIE -o CMakeFiles/cmTC_c9855.dir/SIZEOF_LONG.c.o -c /home/yuhangdai/OpenModelica/OMEdit/CMakeFiles/CheckTypeSize/SIZEOF_LONG.c
Linking C executable cmTC_c9855
/usr/bin/cmake -E cmake_link_script CMakeFiles/cmTC_c9855.dir/link.txt --verbose=1
/usr/bin/cc CMakeFiles/cmTC_c9855.dir/SIZEOF_LONG.c.o -o cmTC_c9855 
gmake[1]: Leaving directory '/home/yuhangdai/OpenModelica/OMEdit/CMakeFiles/CMakeTmp'



Determining size of long long passed with the following output:
Change Dir: /home/yuhangdai/OpenModelica/OMEdit/CMakeFiles/CMakeTmp

Run Build Command(s):/usr/bin/gmake -f Makefile cmTC_cb711/fast && /usr/bin/gmake  -f CMakeFiles/cmTC_cb711.dir/build.make CMakeFiles/cmTC_cb711.dir/build
gmake[1]: Entering directory '/home/yuhangdai/OpenModelica/OMEdit/CMakeFiles/CMakeTmp'
Building C object CMakeFiles/cmTC_cb711.dir/SIZEOF_LONG_LONG.c.o
/usr/bin/cc   -fPIE -o CMakeFiles/cmTC_cb711.dir/SIZEOF_LONG_LONG.c.o -c /home/yuhangdai/OpenModelica/OMEdit/CMakeFiles/CheckTypeSize/SIZEOF_LONG_LONG.c
Linking C executable cmTC_cb711
/usr/bin/cmake -E cmake_link_script CMakeFiles/cmTC_cb711.dir/link.txt --verbose=1
/usr/bin/cc CMakeFiles/cmTC_cb711.dir/SIZEOF_LONG_LONG.c.o -o cmTC_cb711 
gmake[1]: Leaving directory '/home/yuhangdai/OpenModelica/OMEdit/CMakeFiles/CMakeTmp'



Determining if the include file sys/time.h exists passed with the following output:
Change Dir: /home/yuhangdai/OpenModelica/OMEdit/CMakeFiles/CMakeTmp

Run Build Command(s):/usr/bin/gmake -f Makefile cmTC_372e5/fast && /usr/bin/gmake  -f CMakeFiles/cmTC_372e5.dir/build.make CMakeFiles/cmTC_372e5.dir/build
gmake[1]: Entering directory '/home/yuhangdai/OpenModelica/OMEdit/CMakeFiles/CMakeTmp'
Building C object CMakeFiles/cmTC_372e5.dir/CheckIncludeFile.c.o
/usr/bin/cc   -fPIE -o CMakeFiles/cmTC_372e5.dir/CheckIncludeFile.c.o -c /home/yuhangdai/OpenModelica/OMEdit/CMakeFiles/CMakeTmp/CheckIncludeFile.c
Linking C executable cmTC_372e5
/usr/bin/cmake -E cmake_link_script CMakeFiles/cmTC_372e5.dir/link.txt --verbose=1
/usr/bin/cc CMakeFiles/cmTC_372e5.dir/CheckIncludeFile.c.o -o cmTC_372e5 
gmake[1]: Leaving directory '/home/yuhangdai/OpenModelica/OMEdit/CMakeFiles/CMakeTmp'



Determining if the include file sys/mount.h exists passed with the following output:
Change Dir: /home/yuhangdai/OpenModelica/OMEdit/CMakeFiles/CMakeTmp

Run Build Command(s):/usr/bin/gmake -f Makefile cmTC_71ce8/fast && /usr/bin/gmake  -f CMakeFiles/cmTC_71ce8.dir/build.make CMakeFiles/cmTC_71ce8.dir/build
gmake[1]: Entering directory '/home/yuhangdai/OpenModelica/OMEdit/CMakeFiles/CMakeTmp'
Building C object CMakeFiles/cmTC_71ce8.dir/CheckIncludeFile.c.o
/usr/bin/cc   -fPIE -o CMakeFiles/cmTC_71ce8.dir/CheckIncludeFile.c.o -c /home/yuhangdai/OpenModelica/OMEdit/CMakeFiles/CMakeTmp/CheckIncludeFile.c
Linking C executable cmTC_71ce8
/usr/bin/cmake -E cmake_link_script CMakeFiles/cmTC_71ce8.dir/link.txt --verbose=1
/usr/bin/cc CMakeFiles/cmTC_71ce8.dir/CheckIncludeFile.c.o -o cmTC_71ce8 
gmake[1]: Leaving directory '/home/yuhangdai/OpenModelica/OMEdit/CMakeFiles/CMakeTmp'



Determining if the function getline exists passed with the following output:
Change Dir: /home/yuhangdai/OpenModelica/OMEdit/CMakeFiles/CMakeTmp

Run Build Command(s):/usr/bin/gmake -f Makefile cmTC_c8faa/fast && /usr/bin/gmake  -f CMakeFiles/cmTC_c8faa.dir/build.make CMakeFiles/cmTC_c8faa.dir/build
gmake[1]: Entering directory '/home/yuhangdai/OpenModelica/OMEdit/CMakeFiles/CMakeTmp'
Building C object CMakeFiles/cmTC_c8faa.dir/CheckFunctionExists.c.o
/usr/bin/cc   -DCHECK_FUNCTION_EXISTS=getline -fPIE -o CMakeFiles/cmTC_c8faa.dir/CheckFunctionExists.c.o -c /usr/share/cmake-3.22/Modules/CheckFunctionExists.c
Linking C executable cmTC_c8faa
/usr/bin/cmake -E cmake_link_script CMakeFiles/cmTC_c8faa.dir/link.txt --verbose=1
/usr/bin/cc  -DCHECK_FUNCTION_EXISTS=getline CMakeFiles/cmTC_c8faa.dir/CheckFunctionExists.c.o -o cmTC_c8faa 
gmake[1]: Leaving directory '/home/yuhangdai/OpenModelica/OMEdit/CMakeFiles/CMakeTmp'



Performing C++ SOURCE FILE Test SUPPORTS_MRTM succeeded with the following output:
Change Dir: /home/yuhangdai/OpenModelica/OMEdit/CMakeFiles/CMakeTmp

Run Build Command(s):/usr/bin/gmake -f Makefile cmTC_3976c/fast && /usr/bin/gmake  -f CMakeFiles/cmTC_3976c.dir/build.make CMakeFiles/cmTC_3976c.dir/build
gmake[1]: Entering directory '/home/yuhangdai/OpenModelica/OMEdit/CMakeFiles/CMakeTmp'
Building CXX object CMakeFiles/cmTC_3976c.dir/src.cxx.o
/usr/bin/c++ -DSUPPORTS_MRTM  -fPIE   -mrtm -Werror -std=c++11 -o CMakeFiles/cmTC_3976c.dir/src.cxx.o -c /home/yuhangdai/OpenModelica/OMEdit/CMakeFiles/CMakeTmp/src.cxx
Linking CXX executable cmTC_3976c
/usr/bin/cmake -E cmake_link_script CMakeFiles/cmTC_3976c.dir/link.txt --verbose=1
/usr/bin/c++ CMakeFiles/cmTC_3976c.dir/src.cxx.o -o cmTC_3976c 
gmake[1]: Leaving directory '/home/yuhangdai/OpenModelica/OMEdit/CMakeFiles/CMakeTmp'


Source file was:
int main() { return 0; }
Performing C++ SOURCE FILE Test SUPPORTS_FLIFETIME succeeded with the following output:
Change Dir: /home/yuhangdai/OpenModelica/OMEdit/CMakeFiles/CMakeTmp

Run Build Command(s):/usr/bin/gmake -f Makefile cmTC_81239/fast && /usr/bin/gmake  -f CMakeFiles/cmTC_81239.dir/build.make CMakeFiles/cmTC_81239.dir/build
gmake[1]: Entering directory '/home/yuhangdai/OpenModelica/OMEdit/CMakeFiles/CMakeTmp'
Building CXX object CMakeFiles/cmTC_81239.dir/src.cxx.o
/usr/bin/c++ -DSUPPORTS_FLIFETIME  -fPIE   -flifetime-dse=1 -std=c++11 -o CMakeFiles/cmTC_81239.dir/src.cxx.o -c /home/yuhangdai/OpenModelica/OMEdit/CMakeFiles/CMakeTmp/src.cxx
Linking CXX executable cmTC_81239
/usr/bin/cmake -E cmake_link_script CMakeFiles/cmTC_81239.dir/link.txt --verbose=1
/usr/bin/c++ CMakeFiles/cmTC_81239.dir/src.cxx.o -o cmTC_81239 
gmake[1]: Leaving directory '/home/yuhangdai/OpenModelica/OMEdit/CMakeFiles/CMakeTmp'


Source file was:
int main() { return 0; }
Determining size of int64_t passed with the following output:
Change Dir: /home/yuhangdai/OpenModelica/OMEdit/CMakeFiles/CMakeTmp

Run Build Command(s):/usr/bin/gmake -f Makefile cmTC_50c87/fast && /usr/bin/gmake  -f CMakeFiles/cmTC_50c87.dir/build.make CMakeFiles/cmTC_50c87.dir/build
gmake[1]: Entering directory '/home/yuhangdai/OpenModelica/OMEdit/CMakeFiles/CMakeTmp'
Building C object CMakeFiles/cmTC_50c87.dir/HAS_int64_t.c.o
/usr/bin/cc   -fPIE -o CMakeFiles/cmTC_50c87.dir/HAS_int64_t.c.o -c /home/yuhangdai/OpenModelica/OMEdit/CMakeFiles/CheckTypeSize/HAS_int64_t.c
Linking C executable cmTC_50c87
/usr/bin/cmake -E cmake_link_script CMakeFiles/cmTC_50c87.dir/link.txt --verbose=1
/usr/bin/cc CMakeFiles/cmTC_50c87.dir/HAS_int64_t.c.o -o cmTC_50c87 
gmake[1]: Leaving directory '/home/yuhangdai/OpenModelica/OMEdit/CMakeFiles/CMakeTmp'



Determining if the _POSIX_TIMERS exist passed with the following output:
Change Dir: /home/yuhangdai/OpenModelica/OMEdit/CMakeFiles/CMakeTmp

Run Build Command(s):/usr/bin/gmake -f Makefile cmTC_0d5f3/fast && /usr/bin/gmake  -f CMakeFiles/cmTC_0d5f3.dir/build.make CMakeFiles/cmTC_0d5f3.dir/build
gmake[1]: Entering directory '/home/yuhangdai/OpenModelica/OMEdit/CMakeFiles/CMakeTmp'
Building C object CMakeFiles/cmTC_0d5f3.dir/CheckSymbolExists.c.o
/usr/bin/cc   -fPIE -o CMakeFiles/cmTC_0d5f3.dir/CheckSymbolExists.c.o -c /home/yuhangdai/OpenModelica/OMEdit/CMakeFiles/CMakeTmp/CheckSymbolExists.c
Linking C executable cmTC_0d5f3
/usr/bin/cmake -E cmake_link_script CMakeFiles/cmTC_0d5f3.dir/link.txt --verbose=1
/usr/bin/cc CMakeFiles/cmTC_0d5f3.dir/CheckSymbolExists.c.o -o cmTC_0d5f3  -lrt 
gmake[1]: Leaving directory '/home/yuhangdai/OpenModelica/OMEdit/CMakeFiles/CMakeTmp'


File /home/yuhangdai/OpenModelica/OMEdit/CMakeFiles/CMakeTmp/CheckSymbolExists.c:
/* */
#include <unistd.h>
#include <time.h>

int main(int argc, char** argv)
{
  (void)argv;
#ifndef _POSIX_TIMERS
  return ((int*)(&_POSIX_TIMERS))[argc];
#else
  (void)argc;
  return 0;
#endif
}
Determining if the Fortran sgemm exists passed with the following output:
Change Dir: /home/yuhangdai/OpenModelica/OMEdit/CMakeFiles/CMakeTmp

Run Build Command(s):/usr/bin/gmake -f Makefile cmTC_496da/fast && /usr/bin/gmake  -f CMakeFiles/cmTC_496da.dir/build.make CMakeFiles/cmTC_496da.dir/build
gmake[1]: Entering directory '/home/yuhangdai/OpenModelica/OMEdit/CMakeFiles/CMakeTmp'
Building Fortran object CMakeFiles/cmTC_496da.dir/testFortranCompiler.f.o
/usr/bin/gfortran   -fPIE -c /home/yuhangdai/OpenModelica/OMEdit/CMakeFiles/CMakeTmp/testFortranCompiler.f -o CMakeFiles/cmTC_496da.dir/testFortranCompiler.f.o
Linking Fortran executable cmTC_496da
/usr/bin/cmake -E cmake_link_script CMakeFiles/cmTC_496da.dir/link.txt --verbose=1
/usr/bin/gfortran CMakeFiles/cmTC_496da.dir/testFortranCompiler.f.o -o cmTC_496da  /usr/lib/x86_64-linux-gnu/libblas.so 
gmake[1]: Leaving directory '/home/yuhangdai/OpenModelica/OMEdit/CMakeFiles/CMakeTmp'



Determining if the Fortran cheev exists passed with the following output:
Change Dir: /home/yuhangdai/OpenModelica/OMEdit/CMakeFiles/CMakeTmp

Run Build Command(s):/usr/bin/gmake -f Makefile cmTC_4c384/fast && /usr/bin/gmake  -f CMakeFiles/cmTC_4c384.dir/build.make CMakeFiles/cmTC_4c384.dir/build
gmake[1]: Entering directory '/home/yuhangdai/OpenModelica/OMEdit/CMakeFiles/CMakeTmp'
Building Fortran object CMakeFiles/cmTC_4c384.dir/testFortranCompiler.f.o
/usr/bin/gfortran   -fPIE -c /home/yuhangdai/OpenModelica/OMEdit/CMakeFiles/CMakeTmp/testFortranCompiler.f -o CMakeFiles/cmTC_4c384.dir/testFortranCompiler.f.o
Linking Fortran executable cmTC_4c384
/usr/bin/cmake -E cmake_link_script CMakeFiles/cmTC_4c384.dir/link.txt --verbose=1
/usr/bin/gfortran CMakeFiles/cmTC_4c384.dir/testFortranCompiler.f.o -o cmTC_4c384  /usr/lib/x86_64-linux-gnu/liblapack.so /usr/lib/x86_64-linux-gnu/libblas.so 
gmake[1]: Leaving directory '/home/yuhangdai/OpenModelica/OMEdit/CMakeFiles/CMakeTmp'



